document_modified,version,versionLocalName,version_isDefinedBy,version_issued,version_status,replaces_version,replaces1_version,replaces2_version,label,definition,usage,notes,type,controlled value string,tdwgutility_organizedInClass,equivalentXPath,SKOS_inSchema,tdwgutility_repeatable,examples,database,vann_preferredNamespacePrefix,vann_preferredNamespaceUri,,term_localName
2023-07-14T20:42:01-06:00,http://rs.tdwg.org/plic/terms/version/References-2023-07-14,References-2023-07-14,http://rs.tdwg.org/plic/terms/version/,2023-07-14,recommended,,,,References,"Term borrowed from EOL (EOL: referenceType). It represents the references that an element could have, in one or more of the different format and schemas: BICI, CODEN,DOI, EISSN, HANDLE, ISBN, ISSN, LSID, OCLC, SICI, URL, URN",,corresponds to eol:referenceType,http://www.w3.org/2000/01/rdf-schema#Class,,Metadata,,,,,plic,plic,http://rs.tdwg.org/plic/terms/,,References
2023-07-14T20:42:01-06:00,http://rs.tdwg.org/plic/terms/version/AnnualCycleUnstructured-2023-07-14,AnnualCycleUnstructured-2023-07-14,http://rs.tdwg.org/plic/terms/version/,2023-07-14,recommended,,,,Unstructured Annual Cycle,AnnualCyles element in text block format. ,,,http://www.w3.org/1999/02/22-rdf-syntax-ns#Property,,AnnualCycles,/Dataset/TaxonRecord/NaturalHistory/AnnualCycles/AnnualCycleUnstructured,,,,plic,plic,http://rs.tdwg.org/plic/terms/,,AnnualCycleUnstructured
2023-07-14T20:42:01-06:00,http://rs.tdwg.org/plic/terms/version/StartTimeInterval-2023-07-14,StartTimeInterval-2023-07-14,http://rs.tdwg.org/plic/terms/version/,2023-07-14,recommended,,,,Start Time Interval,"The date-time or interval at which an event starts. Recommended best practice is to use an encoding scheme, such as ISO 8601:2004(E).   A controlled vocabulary is recommended.",                                                                                                                                                                                                                                                                                                                                                                                                                                                                                                                                                                                                                                                                                                                                                                                                                                                                                                                                                                                                                                                                                                                                                        ,"e.g. ""1963-03-08T14:07-0600"" is 8 Mar 1963 2:07pm in the time zone six hours earlier than UTC, ""2009-02-20T08:40Z"" is 20 Feb 2009 8:40am UTC, ""1809-02-12"" is 12 Feb 1809, ""1906-06"" is Jun 1906, ""1971"" is just that year, ""2007-03-01T13:00:00Z/2008-05-11T15:30:00Z"" is the interval between 1 Mar 2007 1pm UTC and 11 May 2008 3:30pm UTC, ""2007-11-13/15"" is the interval between 13 Nov 2007 and 15 Nov 2007.",http://www.w3.org/1999/02/22-rdf-syntax-ns#Property,,AnnualCycles,/Dataset/TaxonRecord/NaturalHistory/AnnualCycles/AnnualCycleAtomized/startTimeInterval,,,,plic,plic,http://rs.tdwg.org/plic/terms/,,StartTimeInterval
2023-07-14T20:42:01-06:00,http://rs.tdwg.org/plic/terms/version/EndTimeInterval-2023-07-14,EndTimeInterval-2023-07-14,http://rs.tdwg.org/plic/terms/version/,2023-07-14,recommended,,,,End Time Interval,"The date-time or interval at which an event ends. Recommended best practice is to use an encoding scheme, such as ISO 8601:2004(E).  A controlled vocabulary is recommended.",,"e.g. ""1963-03-08T14:07-0600"" is 8 Mar 1963 2:07pm in the time zone six hours earlier than UTC, ""2009-02-20T08:40Z"" is 20 Feb 2009 8:40am UTC, ""1809-02-12"" is 12 Feb 1809, ""1906-06"" is Jun 1906, ""1971"" is just that year, ""2007-03-01T13:00:00Z/2008-05-11T15:30:00Z"" is the interval between 1 Mar 2007 1pm UTC and 11 May 2008 3:30pm UTC, ""2007-11-13/15"" is the interval between 13 Nov 2007 and 15 Nov 2007.",http://www.w3.org/1999/02/22-rdf-syntax-ns#Property,,AnnualCycles,/Dataset/TaxonRecord/NaturalHistory/AnnualCycles/AnnualCycleAtomized/endTimeInterval,,,,plic,plic,http://rs.tdwg.org/plic/terms/,,EndTimeInterval
2023-07-14T20:42:01-06:00,http://rs.tdwg.org/plic/terms/version/Event-2023-07-14,Event-2023-07-14,http://rs.tdwg.org/plic/terms/version/,2023-07-14,recommended,,,,Event,An action that occurs at some location during some time.  A controlled vocabulary is recommended.,,,http://www.w3.org/1999/02/22-rdf-syntax-ns#Property,,AnnualCycles,/Dataset/TaxonRecord/NaturalHistory/AnnualCycles/AnnualCycleAtomized/Event,,,,plic,plic,http://rs.tdwg.org/plic/terms/,,Event
2023-07-14T20:42:01-06:00,http://rs.tdwg.org/plic/terms/version/abstract-2023-07-14,abstract-2023-07-14,http://rs.tdwg.org/plic/terms/version/,2023-07-14,recommended,,,,Abstract,A brief summary of the most relevant or attractive features of this taxon to the general public.  Could point to any kind of information. ,,Example: Blue whale is the largest mammal in the world. ,http://www.w3.org/1999/02/22-rdf-syntax-ns#Property,,Metadata,/Dataset/Metadata/dataset/abstract|/Dataset/TaxonRecord/BaseElements/Abstract,,,,plic,plic,http://rs.tdwg.org/plic/terms/,,abstract
2023-07-14T20:42:01-06:00,http://rs.tdwg.org/plic/terms/version/taxonRecordID-2023-07-14,taxonRecordID-2023-07-14,http://rs.tdwg.org/plic/terms/version/,2023-07-14,recommended,,,,Taxon Record id,Unique identifier of the record within the database.,,,http://www.w3.org/1999/02/22-rdf-syntax-ns#Property,,Metadata,/Dataset/TaxonRecord/BaseElements/TaxonRecordID|/Dataset/TaxonRecord/NomenclatureAndClassification/Hierarchy/ParentTaxon/TaxonRecordID,,,,plic,plic,http://rs.tdwg.org/plic/terms/,,taxonRecordID
2023-07-14T20:42:01-06:00,http://rs.tdwg.org/plic/terms/version/CommonName-2023-07-14,CommonName-2023-07-14,http://rs.tdwg.org/plic/terms/version/,2023-07-14,recommended,,,,Common Name,The name of the common name. ,,From GBIF EML profile,http://www.w3.org/1999/02/22-rdf-syntax-ns#Property,,NomenclatureAndClassification,/Dataset/TaxonRecord/NomenclatureAndClassification/CommonNames/CommonNamesAtomized/CommonName,,,,plic,plic,http://rs.tdwg.org/plic/terms/,,CommonName
2023-07-14T20:42:01-06:00,http://rs.tdwg.org/plic/terms/version/UsedBy-2023-07-14,UsedBy-2023-07-14,http://rs.tdwg.org/plic/terms/version/,2023-07-14,recommended,,,,Used By,Sometimes names used by one group of people are adopted by another.  ,,,http://www.w3.org/1999/02/22-rdf-syntax-ns#Property   ,,NomenclatureAndClassification,/Dataset/TaxonRecord/NomenclatureAndClassification/CommonNames/CommonNamesAtomized/UsedBy,,,,plic,plic,http://rs.tdwg.org/plic/terms/,,UsedBy
2023-07-14T20:42:01-06:00,http://rs.tdwg.org/plic/terms/version/commonNamesUnstructured-2023-07-14,commonNamesUnstructured-2023-07-14,http://rs.tdwg.org/plic/terms/version/,2023-07-14,recommended,,,,unstructured common names,CommonNames element in text block format.,,,http://www.w3.org/1999/02/22-rdf-syntax-ns#Property,,NomenclatureAndClassification,/Dataset/TaxonRecord/NomenclatureAndClassification/CommonNames/CommonNamesUnstructured,,,,plic,plic,http://rs.tdwg.org/plic/terms/,,commonNamesUnstructured
2023-07-14T20:42:01-06:00,http://rs.tdwg.org/plic/terms/version/demographyAndThreatUnstructured-2023-07-14,demographyAndThreatUnstructured-2023-07-14,http://rs.tdwg.org/plic/terms/version/,2023-07-14,recommended,,,,Unstructured Demography And Threat,demographyAndThreat element in unstructured format. ,,,http://www.w3.org/1999/02/22-rdf-syntax-ns#Property,,DemographyAndThreat,/Dataset/TaxonRecord/DemographyAndThreat/DemographyAndThreatUnstructured,,,,plic,plic,http://rs.tdwg.org/plic/terms/,,demographyAndThreatUnstructured
2023-07-14T20:42:01-06:00,http://rs.tdwg.org/plic/terms/version/legislationUnstructured-2023-07-14,legislationUnstructured-2023-07-14,http://rs.tdwg.org/plic/terms/version/,2023-07-14,recommended,,,,Unstructured Legislation,legislation element in text block format.,,,http://www.w3.org/1999/02/22-rdf-syntax-ns#Property,,DemographyAndThreat,/Dataset/TaxonRecord/DemographyAndThreat/Legislation/LegislationUnstructured,,,,plic,plic,http://rs.tdwg.org/plic/terms/,,legislationUnstructured
2023-07-14T20:42:01-06:00,http://rs.tdwg.org/plic/terms/version/LegislationName-2023-07-14,LegislationName-2023-07-14,http://rs.tdwg.org/plic/terms/version/,2023-07-14,recommended,,,,Legislation Name,Word or phrase to designate the law or group of laws.,,,http://www.w3.org/1999/02/22-rdf-syntax-ns#Property,,DemographyAndThreat,/Dataset/TaxonRecord/DemographyAndThreat/Legislation/LegislationAtomized/LegislationName,,,,plic,plic,http://rs.tdwg.org/plic/terms/,,LegislationName
2023-07-14T20:42:01-06:00,http://rs.tdwg.org/plic/terms/version/ProtectionLegalStatus-2023-07-14,ProtectionLegalStatus-2023-07-14,http://rs.tdwg.org/plic/terms/version/,2023-07-14,recommended,,,,Protection Legal Status,Description of the legal status.,,,http://www.w3.org/1999/02/22-rdf-syntax-ns#Property,,DemographyAndThreat,/Dataset/TaxonRecord/DemographyAndThreat/Legislation/LegislationAtomized/ProtectionLegalStatus,,,,plic,plic,http://rs.tdwg.org/plic/terms/,,ProtectionLegalStatus
2023-07-14T20:42:01-06:00,http://rs.tdwg.org/plic/terms/version/LegislationRead-2023-07-14,LegislationRead-2023-07-14,http://rs.tdwg.org/plic/terms/version/,2023-07-14,recommended,,,,Legislation Read,The oficial document in which the user can read the legislation.,,,http://www.w3.org/1999/02/22-rdf-syntax-ns#Property,,DemographyAndThreat,/Dataset/TaxonRecord/DemographyAndThreat/Legislation/LegislationAtomized/LegislationRead,,,,plic,plic,http://rs.tdwg.org/plic/terms/,,LegislationRead
2023-07-14T20:42:01-06:00,http://rs.tdwg.org/plic/terms/version/legislationStatus-2023-07-14,legislationStatus-2023-07-14,http://rs.tdwg.org/plic/terms/version/,2023-07-14,recommended,,,,Legislation Status,"Whether a piece of legislation is in force, or superseded, etc.",,,http://www.w3.org/1999/02/22-rdf-syntax-ns#Property,,DemographyAndThreat,/Dataset/TaxonRecord/DemographyAndThreat/Legislation/LegislationAtomized/LegislationStatus,,,,plic,plic,http://rs.tdwg.org/plic/terms/,,legislationStatus
2023-07-14T20:42:01-06:00,http://rs.tdwg.org/plic/terms/version/legislationType-2023-07-14,legislationType-2023-07-14,http://rs.tdwg.org/plic/terms/version/,2023-07-14,recommended,,,,Legislation Type,Category of the piece of legislation.,,,http://www.w3.org/1999/02/22-rdf-syntax-ns#Property,,DemographyAndThreat,/Dataset/TaxonRecord/DemographyAndThreat/Legislation/LegislationAtomized/LegislationType,,,,plic,plic,http://rs.tdwg.org/plic/terms/,,legislationType
2023-07-14T20:42:01-06:00,http://rs.tdwg.org/plic/terms/version/legalNorm-2023-07-14,legalNorm-2023-07-14,http://rs.tdwg.org/plic/terms/version/,2023-07-14,recommended,,,,Legal Norm,"Norms are general legal principles that are widely accepted. This acceptance is evidenced in a number of ways, such as international agreements, national legislation, domestic and international judicial decisions, and scholarly writings.",,,http://www.w3.org/1999/02/22-rdf-syntax-ns#Property,,DemographyAndThreat,/Dataset/TaxonRecord/DemographyAndThreat/Legislation/LegislationAtomized/LegalNorm,,,,plic,plic,http://rs.tdwg.org/plic/terms/,,legalNorm
2023-07-14T20:42:01-06:00,http://rs.tdwg.org/plic/terms/version/DispersalUnstructured-2023-07-14,DispersalUnstructured-2023-07-14,http://rs.tdwg.org/plic/terms/version/,2023-07-14,recommended,,,,Unstructured Dispersal,Dispersal element in text block format.,,,http://www.w3.org/1999/02/22-rdf-syntax-ns#Property,,Dispersal,/Dataset/TaxonRecord/NaturalHistory/Dispersal/DispersalUnstructured,,,,plic,plic,http://rs.tdwg.org/plic/terms/,,DispersalUnstructured
2023-07-14T20:42:01-06:00,http://rs.tdwg.org/plic/terms/version/Purpose-2023-07-14,Purpose-2023-07-14,http://rs.tdwg.org/plic/terms/version/,2023-07-14,recommended,,,,Purpose,Makes reference to any data being measured.,,It includes elements of type MeasurmentsOrFacts,http://www.w3.org/1999/02/22-rdf-syntax-ns#Property,,Dispersal,/Dataset/Metadata/dataset/purpose|/Dataset/TaxonRecord/NaturalHistory/Dispersal/DispersalAtomized/Purpose,,,,plic,plic,http://rs.tdwg.org/plic/terms/,,Purpose
2023-07-14T20:42:01-06:00,http://rs.tdwg.org/plic/terms/version/DispersalMeans-2023-07-14,DispersalMeans-2023-07-14,http://rs.tdwg.org/plic/terms/version/,2023-07-14,recommended,,,,Dispersal Means,"VCR. Zoochory, Anemochory, Hydrochory, Barochory, Autochory.",,"Type of dispersal, a controlled vocabulary is recommended.",http://www.w3.org/2004/02/skos/core#ConceptScheme ,,Dispersal,/Dataset/TaxonRecord/NaturalHistory/Dispersal/DispersalAtomized/DispersalMeans,,,,plic,plic,http://rs.tdwg.org/plic/terms/,,DispersalMeans
2023-07-14T20:42:01-06:00,http://rs.tdwg.org/plic/terms/version/StructureDispersed-2023-07-14,StructureDispersed-2023-07-14,http://rs.tdwg.org/plic/terms/version/,2023-07-14,recommended,,,,Structure Dispersed ,"VCR: Seed, Fruit, Vegetative structure, Spores, Gametes, Eggs, Offspring and Individuals.",,"Structured that is dispersed for a given biologial propose, a controlled vocabulary is recommended.",http://www.w3.org/2004/02/skos/core#ConceptScheme ,,Dispersal,/Dataset/TaxonRecord/NaturalHistory/Dispersal/DispersalAtomized/StructureDispersed,,,,plic,plic,http://rs.tdwg.org/plic/terms/,,StructureDispersed
2023-07-14T20:42:01-06:00,http://rs.tdwg.org/plic/terms/version/Distance-2023-07-14,Distance-2023-07-14,http://rs.tdwg.org/plic/terms/version/,2023-07-14,recommended,,,,Distance,The distance reached by the structured dispersed.,,It includes elements of type MeasurmentsOrFacts,http://www.w3.org/1999/02/22-rdf-syntax-ns#Property ,,Dispersal,/Dataset/TaxonRecord/NaturalHistory/Dispersal/DispersalAtomized/Distance,,,Dispersal distance. e.g. 450 m. ,plic,plic,http://rs.tdwg.org/plic/terms/,,Distance
2023-07-14T20:42:01-06:00,http://rs.tdwg.org/plic/terms/version/FeedingType-2023-07-14,FeedingType-2023-07-14,http://rs.tdwg.org/plic/terms/version/,2023-07-14,recommended,,,,Feeding Type,Primary diet source. A controlled vocabulary is recommended.,,,http://www.w3.org/1999/02/22-rdf-syntax-ns#Property,,Feeding,/Dataset/TaxonRecord/NaturalHistory/Feeding/FeedingAtomized/FeedingType,,,,plic,plic,http://rs.tdwg.org/plic/terms/,,FeedingType
2023-07-14T20:42:01-06:00,http://rs.tdwg.org/plic/terms/version/ecologicalSignificanceAtomized-2023-07-14,ecologicalSignificanceAtomized-2023-07-14,http://rs.tdwg.org/plic/terms/version/,2023-07-14,recommended,,,,Atomized Ecological Significance,Ecological Significance element in structured format.,,,http://www.w3.org/1999/02/22-rdf-syntax-ns#Property,,EcologicalSignificance,/Dataset/TaxonRecord/NaturalHistory/EcologicalSignificance/EcologicalSignificanceAtomized,,,,plic,plic,http://rs.tdwg.org/plic/terms/,,ecologicalSignificanceAtomized
2023-07-14T20:42:01-06:00,http://rs.tdwg.org/plic/terms/version/ecologicalSignificanceUnstructured-2023-07-14,ecologicalSignificanceUnstructured-2023-07-14,http://rs.tdwg.org/plic/terms/version/,2023-07-14,recommended,,,,Unstructured Ecological Significance,Ecological Significance element in text block format.,,,http://www.w3.org/1999/02/22-rdf-syntax-ns#Property,,EcologicalSignificance,/Dataset/TaxonRecord/NaturalHistory/EcologicalSignificance/EcologicalSignificanceUnstructured,,,,plic,plic,http://rs.tdwg.org/plic/terms/,,ecologicalSignificanceUnstructured
2023-07-14T20:42:01-06:00,http://rs.tdwg.org/plic/terms/version/environmentalEnvelopeAtomized-2023-07-14,environmentalEnvelopeAtomized-2023-07-14,http://rs.tdwg.org/plic/terms/version/,2023-07-14,recommended,,,,Atomized Environmental Envelope,Environmental envelope of a species expressed as an enumeration of measures and parameters.,,,http://www.w3.org/1999/02/22-rdf-syntax-ns#Property,,EnvironmentalEnvelope,/Dataset/TaxonRecord/NaturalHistory/EnvironmentalEnvelope/EnvironmentalEnvelopeAtomized,,,,plic,plic,http://rs.tdwg.org/plic/terms/,,environmentalEnvelopeAtomized
2023-07-14T20:42:01-06:00,http://rs.tdwg.org/plic/terms/version/environmentalEnvelopeUnstructured-2023-07-14,environmentalEnvelopeUnstructured-2023-07-14,http://rs.tdwg.org/plic/terms/version/,2023-07-14,recommended,,,,Unstructured Environmental Envelope,environmentalEnvelope as a text block.,,,http://www.w3.org/1999/02/22-rdf-syntax-ns#Property,,EnvironmentalEnvelope,/Dataset/TaxonRecord/NaturalHistory/EnvironmentalEnvelope/EnvironmentalEnvelopeUnstructured,,,,plic,plic,http://rs.tdwg.org/plic/terms/,,environmentalEnvelopeUnstructured
2023-07-14T20:42:01-06:00,http://rs.tdwg.org/plic/terms/version/feedingUnstructured-2023-07-14,feedingUnstructured-2023-07-14,http://rs.tdwg.org/plic/terms/version/,2023-07-14,recommended,,,,Unstructured Feeding,feeding element in text block format.,,,http://www.w3.org/1999/02/22-rdf-syntax-ns#Property,,Feeding,/Dataset/TaxonRecord/NaturalHistory/Feeding/FeedingUnstructured,,,,plic,plic,http://rs.tdwg.org/plic/terms/,,feedingUnstructured
2023-07-14T20:42:01-06:00,http://rs.tdwg.org/plic/terms/version/DistributionUnstructured-2023-07-14,DistributionUnstructured-2023-07-14,http://rs.tdwg.org/plic/terms/version/,2023-07-14,recommended,,,,Unstructured Distribution,Distribution element in text block format.,,,http://www.w3.org/1999/02/22-rdf-syntax-ns#Property,,HabitatAndDistribution,/Dataset/TaxonRecord/DemographyAndThreat/Legislation/LegislationAtomized/AppliesTo/DistributionUnstructured|/Dataset/TaxonRecord/DemographyAndThreat/ThreatStatus/ThreatStatusAtomized/AppliesTo/DistributionUnstructured|/Dataset/TaxonRecord/HabitatAndDistribution/Distribution/DistributionUnstructured|/Dataset/TaxonRecord/NomenclatureAndClassification/CommonNames/CommonNamesAtomized/UsedIn/DistributionUnstructured,,,,plic,plic,http://rs.tdwg.org/plic/terms/,,DistributionUnstructured
2023-07-14T20:42:01-06:00,http://rs.tdwg.org/plic/terms/version/DistributionScope-2023-07-14,DistributionScope-2023-07-14,http://rs.tdwg.org/plic/terms/version/,2023-07-14,recommended,,,,Distribution Scope,List of regions structured and categorized., ,"A controlled vocabulary is recommended. e.g. Historical, Current, Restricted and Wide. ",http://www.w3.org/1999/02/22-rdf-syntax-ns#Property,,HabitatAndDistribution,/Dataset/TaxonRecord/DemographyAndThreat/Legislation/LegislationAtomized/AppliesTo/DistributionScope|/Dataset/TaxonRecord/DemographyAndThreat/ThreatStatus/ThreatStatusAtomized/AppliesTo/DistributionScope|/Dataset/TaxonRecord/HabitatAndDistribution/Distribution/DistributionScope|/Dataset/TaxonRecord/NomenclatureAndClassification/CommonNames/CommonNamesAtomized/UsedIn/DistributionScope,,,,plic,plic,http://rs.tdwg.org/plic/terms/,,DistributionScope
2023-07-14T20:42:01-06:00,http://rs.tdwg.org/plic/terms/version/TemporalCoverage-2023-07-14,TemporalCoverage-2023-07-14,http://rs.tdwg.org/plic/terms/version/,2023-07-14,recommended,,,,Temporal Coverage,"This field specifies temporal coverage of the distribution, and allows coverages to be a single point in time, multiple points in time, or a range of dates.",,From GBIF EML profile,http://www.w3.org/1999/02/22-rdf-syntax-ns#Property,,HabitatAndDistribution,/Dataset/TaxonRecord/DemographyAndThreat/Legislation/LegislationAtomized/AppliesTo/temporalCoverage|/Dataset/TaxonRecord/DemographyAndThreat/ThreatStatus/ThreatStatusAtomized/AppliesTo/temporalCoverage|/Dataset/TaxonRecord/HabitatAndDistribution/Distribution/temporalCoverage|/Dataset/TaxonRecord/NomenclatureAndClassification/CommonNames/CommonNamesAtomized/UsedIn/temporalCoverage,,,,plic,plic,http://rs.tdwg.org/plic/terms/,,TemporalCoverage
2023-07-14T20:42:01-06:00,http://rs.tdwg.org/plic/terms/version/GeographicEntity-2023-07-14,GeographicEntity-2023-07-14,http://rs.tdwg.org/plic/terms/version/,2023-07-14,recommended,,,,Geographic Entity,Name of the geographic entity. ,,A controlled vocabulary --as specified in the Catalogue element-- is recommended. e.g. Spain; Aguascalientas; Alabama; Ambon,http://www.w3.org/1999/02/22-rdf-syntax-ns#Property ,,HabitatAndDistribution,/Dataset/TaxonRecord/DemographyAndThreat/Legislation/LegislationAtomized/AppliesTo/Distribution/DistributionAtomized/GeographicEntity|/Dataset/TaxonRecord/DemographyAndThreat/ThreatStatus/ThreatStatusAtomized/AppliesTo/Distribution/DistributionAtomized/GeographicEntity|/Dataset/TaxonRecord/NomenclatureAndClassification/CommonNames/CommonNamesAtomized/UsedIn/DistributionAtomized/GeographicEntity|/Dataset/TaxonRecord/HabitatAndDistribution/Distribution/DistributionAtomized/GeographicEntity,,,,plic,plic,http://rs.tdwg.org/plic/terms/,,GeographicEntity
2023-07-14T20:42:01-06:00,http://rs.tdwg.org/plic/terms/version/EndemicTo-2023-07-14,EndemicTo-2023-07-14,http://rs.tdwg.org/plic/terms/version/,2023-07-14,recommended,,,,Endemic To,A territory in which an endemic species appear. A controlled vocabulary is recommended. The term may go from local to above-country levels.,,"Examples: Giant panda (Ailuropoda melanoleuca (David, 1869) endemic to China. Quetzal Resplendent (Pharomachrus mocinno de la Llave, 1832) endemic to Mexico, Guatemala, Honduras, El Salvador, Nicaragua, Costa Rica and Panama.",http://www.w3.org/1999/02/22-rdf-syntax-ns#Property,,HabitatAndDistribution,/Dataset/TaxonRecord/HabitatAndDistribution/Endemic/EndemicAtomized/EndemicTo,,,,plic,plic,http://rs.tdwg.org/plic/terms/,,EndemicTo
2023-07-14T20:42:01-06:00,http://rs.tdwg.org/plic/terms/version/EndemicIn-2023-07-14,EndemicIn-2023-07-14,http://rs.tdwg.org/plic/terms/version/,2023-07-14,recommended,,,,Endemic In,The area that works as a context for specifying endemic areas of a species. A controlled vocabulary is recommended. The term may go from local to above-country levels.,,"If not specified, the Earth as a whole is assumed as the geographical context. Examples:  Vicu√±a (Vicugna vicugna Molina, 1782) endemic to the Andean region **in South America**. Manzanilla Real (Artemisia granatensis Boiss.) endemic in the peaks of Sierra Nevada (**in Spain**).",http://www.w3.org/1999/02/22-rdf-syntax-ns#Property,,HabitatAndDistribution,/Dataset/TaxonRecord/HabitatAndDistribution/Endemic/EndemicAtomized/EndemicIn,,,,plic,plic,http://rs.tdwg.org/plic/terms/,,EndemicIn
2023-07-14T20:42:01-06:00,http://rs.tdwg.org/plic/terms/version/endemicUnstructured-2023-07-14,endemicUnstructured-2023-07-14,http://rs.tdwg.org/plic/terms/version/,2023-07-14,recommended,,,,Unstructured Endemic,Information on the endemicity of a species as a text block.,,,http://www.w3.org/1999/02/22-rdf-syntax-ns#Property,,HabitatAndDistribution,/Dataset/TaxonRecord/HabitatAndDistribution/Endemic/EndemicUnstructured,,,,plic,plic,http://rs.tdwg.org/plic/terms/,,endemicUnstructured
2023-07-14T20:42:01-06:00,http://rs.tdwg.org/plic/terms/version/habitatAtomized-2023-07-14,habitatAtomized-2023-07-14,http://rs.tdwg.org/plic/terms/version/,2023-07-14,recommended,,,,Atomized Habitat,habitatAndDistribution element in structured format.,,,http://www.w3.org/1999/02/22-rdf-syntax-ns#Property,,HabitatAndDistribution,/Dataset/TaxonRecord/HabitatAndDistribution/Habitats/HabitatAtomized,,,,plic,plic,http://rs.tdwg.org/plic/terms/,,habitatAtomized
2023-07-14T20:42:01-06:00,http://rs.tdwg.org/plic/terms/version/habitatAndDistributionUnstructured-2023-07-14,habitatAndDistributionUnstructured-2023-07-14,http://rs.tdwg.org/plic/terms/version/,2023-07-14,recommended,,,,Unstructured Habitat And Distribution,habitatAndDistribution element in text block format.,,,http://www.w3.org/1999/02/22-rdf-syntax-ns#Property,,HabitatAndDistribution,/Dataset/TaxonRecord/HabitatAndDistribution/HabitatAndDistributionUnstructured,,,,plic,plic,http://rs.tdwg.org/plic/terms/,,habitatAndDistributionUnstructured
2023-07-14T20:42:01-06:00,http://rs.tdwg.org/plic/terms/version/habitatUnstructured-2023-07-14,habitatUnstructured-2023-07-14,http://rs.tdwg.org/plic/terms/version/,2023-07-14,recommended,,,,Unstructured Habitat,habitat element in text block format.,,,http://www.w3.org/1999/02/22-rdf-syntax-ns#Property,,HabitatAndDistribution,/Dataset/TaxonRecord/HabitatAndDistribution/Habitats/HabitatUnstructured,,,,plic,plic,http://rs.tdwg.org/plic/terms/,,habitatUnstructured
2023-07-14T20:42:01-06:00,http://rs.tdwg.org/plic/terms/version/SpeciesInteraction-2023-07-14,SpeciesInteraction-2023-07-14,http://rs.tdwg.org/plic/terms/version/,2023-07-14,recommended,,,,Species Interaction ,"Information category concerning relations between resources (instances or records, such as Occurrences, Taxa, Locations, Events,...).",,,http://www.w3.org/1999/02/22-rdf-syntax-ns#Property,,Interactions,/Dataset/TaxonRecord/NaturalHistory/Interactions/InteractionAtomized/SpeciesInteraction,,,,plic,plic,http://rs.tdwg.org/plic/terms/,,SpeciesInteraction
2023-07-14T20:42:01-06:00,http://rs.tdwg.org/plic/terms/version/SpeciesInteractionType-2023-07-14,SpeciesInteractionType-2023-07-14,http://rs.tdwg.org/plic/terms/version/,2023-07-14,recommended,,,,Species Interaction Type,String with the type of interaction. Each element is separated by comma and each list of elements by.,,,http://www.w3.org/1999/02/22-rdf-syntax-ns#Property,,Interactions,/Dataset/TaxonRecord/NaturalHistory/Interactions/InteractionAtomized/SpeciesInteractionType,,,,plic,plic,http://rs.tdwg.org/plic/terms/,,SpeciesInteractionType
2023-07-14T20:42:01-06:00,http://rs.tdwg.org/plic/terms/version/invasivenessUnstructured-2023-07-14,invasivenessUnstructured-2023-07-14,http://rs.tdwg.org/plic/terms/version/,2023-07-14,recommended,,,,Unstructured Invasiveness,invasiveness element in text block format.,,,http://www.w3.org/1999/02/22-rdf-syntax-ns#Property,,Invasiveness,/Dataset/TaxonRecord/Invasiveness/InvasivenessUnstructured,,,,plic,plic,http://rs.tdwg.org/plic/terms/,,invasivenessUnstructured
2023-07-14T20:42:01-06:00,http://rs.tdwg.org/plic/terms/version/WhatImpact-2023-07-14,WhatImpact-2023-07-14,http://rs.tdwg.org/plic/terms/version/,2023-07-14,recommended,,,,What Impact,"An indication of the actual impact as a free text string. e.g. destroys  riparian vegetation, destroys irrigation systems, displaces Arvicola  sapidus.",,,http://www.w3.org/1999/02/22-rdf-syntax-ns#Property,,Invasiveness,/Dataset/TaxonRecord/Invasiveness/InvasivenessAtomized/WhatImpact,,,,plic,plic,http://rs.tdwg.org/plic/terms/,,WhatImpact
2023-07-14T20:42:01-06:00,http://rs.tdwg.org/plic/terms/version/vector-2023-07-14,vector-2023-07-14,http://rs.tdwg.org/plic/terms/version/,2023-07-14,recommended,,,,Vector,"By which means a species occupies a new territory. e.g. fishing boats; dirty boots, cars (Aedes albopictus).",,,http://www.w3.org/1999/02/22-rdf-syntax-ns#Property,,Invasiveness,/Dataset/TaxonRecord/Invasiveness/InvasivenessAtomized/vector,,,,plic,plic,http://rs.tdwg.org/plic/terms/,,vector
2023-07-14T20:42:01-06:00,http://rs.tdwg.org/plic/terms/version/Route-2023-07-14,Route-2023-07-14,http://rs.tdwg.org/plic/terms/version/,2023-07-14,recommended,,,,Route,This is equivalent and probably replaceable by gisin:route.,,,http://www.w3.org/1999/02/22-rdf-syntax-ns#Property,,Invasiveness,/Dataset/TaxonRecord/Invasiveness/InvasivenessAtomized/Route,,,,plic,plic,http://rs.tdwg.org/plic/terms/,,Route
2023-07-14T20:42:01-06:00,http://rs.tdwg.org/plic/terms/version/impactTarget-2023-07-14,impactTarget-2023-07-14,http://rs.tdwg.org/plic/terms/version/,2023-07-14,recommended,,,,Impact Target,This is equivalent and probably replaceable by gisin:impactTarget.,,,http://www.w3.org/2004/02/skos/core#ConceptScheme,,Invasiveness,/Dataset/TaxonRecord/Invasiveness/InvasivenessAtomized/impactTarget,,,,plic,plic,http://rs.tdwg.org/plic/terms/,,impactTarget
2023-07-14T20:42:01-06:00,http://rs.tdwg.org/plic/terms/version/impactMechanism-2023-07-14,impactMechanism-2023-07-14,http://rs.tdwg.org/plic/terms/version/,2023-07-14,recommended,,,,Impact Mechanism,Mechanism of introduction or impact to a new location.,,,http://www.w3.org/2004/02/skos/core#ConceptScheme,,Invasiveness,/Dataset/TaxonRecord/Invasiveness/InvasivenessAtomized/impactMechanism,,,,plic,plic,http://rs.tdwg.org/plic/terms/,,impactMechanism
2023-07-14T20:42:01-06:00,http://rs.tdwg.org/plic/terms/version/lifeCycleAtomized-2023-07-14,lifeCycleAtomized-2023-07-14,http://rs.tdwg.org/plic/terms/version/,2023-07-14,recommended,,,,Atomized Life Cycle,lifeCycle element in structured format.,,,http://www.w3.org/1999/02/22-rdf-syntax-ns#Property,,LifeCycle,/Dataset/TaxonRecord/NaturalHistory/LifeCycle/LifeCycleAtomized,,,,plic,plic,http://rs.tdwg.org/plic/terms/,,lifeCycleAtomized
2023-07-14T20:42:01-06:00,http://rs.tdwg.org/plic/terms/version/lifeCycleUnstructured-2023-07-14,lifeCycleUnstructured-2023-07-14,http://rs.tdwg.org/plic/terms/version/,2023-07-14,recommended,,,,Unstructured Life Cycle,lifeCycle element in text block format.,,,http://www.w3.org/1999/02/22-rdf-syntax-ns#Property,,LifeCycle,/Dataset/TaxonRecord/NaturalHistory/LifeCycle/LifeCycleUnstructured,,,,plic,plic,http://rs.tdwg.org/plic/terms/,,lifeCycleUnstructured
2023-07-14T20:42:01-06:00,http://rs.tdwg.org/plic/terms/version/lifeFormAtomized-2023-07-14,lifeFormAtomized-2023-07-14,http://rs.tdwg.org/plic/terms/version/,2023-07-14,recommended,,,,Atomized Life Form,lifeCycleForm element in structured format.,,,http://www.w3.org/1999/02/22-rdf-syntax-ns#Property,,LifeForm,/Dataset/TaxonRecord/NaturalHistory/LifeForm/LifeFormAtomized,,,,plic,plic,http://rs.tdwg.org/plic/terms/,,lifeFormAtomized
2023-07-14T20:42:01-06:00,http://rs.tdwg.org/plic/terms/version/lifeFormUnstructured-2023-07-14,lifeFormUnstructured-2023-07-14,http://rs.tdwg.org/plic/terms/version/,2023-07-14,recommended,,,,Unstructured Life Form,lifeCycleForm element in text block format.,,,http://www.w3.org/1999/02/22-rdf-syntax-ns#Property,,LifeForm,/Dataset/TaxonRecord/NaturalHistory/LifeForm/LifeFormUnstructured,,,,plic,plic,http://rs.tdwg.org/plic/terms/,,lifeFormUnstructured
2023-07-14T20:42:01-06:00,http://rs.tdwg.org/plic/terms/version/citation-2023-07-14,citation-2023-07-14,http://rs.tdwg.org/plic/terms/version/,2023-07-14,recommended,,,,Citation,"A single citation for use when citing the dataset. e.g. http://www.researchgate.net/publication/28271701_Sobre_la_presencia_de_Callithamnion_sepositum_%28Ceramiales_Rhodophyta%29_en_las_costas_de_la_Pennsula_Ibrica Type: xs:anyURY. A URI, DOI or other persistent identifier for the citation.",,,http://www.w3.org/1999/02/22-rdf-syntax-ns#Property,,Metadata,/Dataset/Metadata/citation,,,,plic,plic,http://rs.tdwg.org/plic/terms/,,citation
2023-07-14T20:42:01-06:00,http://rs.tdwg.org/plic/terms/version/Dataset_ID-2023-07-14,Dataset_ID-2023-07-14,http://rs.tdwg.org/plic/terms/version/,2023-07-14,recommended,,,,Dataset ID,An identifier for the dataset.,,,http://www.w3.org/1999/02/22-rdf-syntax-ns#Property,,Metadata,/Dataset/Metadata/Dataset_ID,,,,plic,plic,http://rs.tdwg.org/plic/terms/,,Dataset_ID
2023-07-14T20:42:01-06:00,http://rs.tdwg.org/plic/terms/version/dataset-2023-07-14,dataset-2023-07-14,http://rs.tdwg.org/plic/terms/version/,2023-07-14,recommended,,,,dataset,The dataset element is a wrapper for all other elements relating to a single dataset as defined in eml.xsd (eml/dataset).,,From GBIF EML profile,http://www.w3.org/1999/02/22-rdf-syntax-ns#Property,,Metadata,/Dataset|/Dataset/Metadata/dataset,,,,plic,plic,http://rs.tdwg.org/plic/terms/,,dataset
2023-07-14T20:42:01-06:00,http://rs.tdwg.org/plic/terms/version/resourceLogoUrl-2023-07-14,resourceLogoUrl-2023-07-14,http://rs.tdwg.org/plic/terms/version/,2023-07-14,recommended,,,,resourceLogoUrl,The URI of an icon/logo symbolizing the project.,,,http://www.w3.org/1999/02/22-rdf-syntax-ns#Property,,Metadata,/Dataset/Metadata/resourceLogoUrl,,,,plic,plic,http://rs.tdwg.org/plic/terms/,,resourceLogoUrl
2023-07-14T20:42:01-06:00,http://rs.tdwg.org/plic/terms/version/migratoryUnstructured-2023-07-14,migratoryUnstructured-2023-07-14,http://rs.tdwg.org/plic/terms/version/,2023-07-14,recommended,,,,unstructured migratory,"The regular, usually seasonal, movement of all or part of an animal population to and from a given area, which can occur in variable periods of time and even involve more than one generation as text block.",,,http://www.w3.org/1999/02/22-rdf-syntax-ns#Property,,Migratory,/Dataset/TaxonRecord/NaturalHistory/Migratory/MigratoryUnstructured,,,,plic,plic,http://rs.tdwg.org/plic/terms/,,migratoryUnstructured
2023-07-14T20:42:01-06:00,http://rs.tdwg.org/plic/terms/version/Causes-2023-07-14,Causes-2023-07-14,http://rs.tdwg.org/plic/terms/version/,2023-07-14,recommended,,,,Causes,Reasons for the species to move from one place to another in a specific lap.,,,http://www.w3.org/2004/02/skos/core#ConceptScheme,,Migratory,/Dataset/TaxonRecord/NaturalHistory/Migratory/MigratoryAtomized/Causes,,yes,,plic,plic,http://rs.tdwg.org/plic/terms/,,Causes
2023-07-14T20:42:01-06:00,http://rs.tdwg.org/plic/terms/version/Patterns-2023-07-14,Patterns-2023-07-14,http://rs.tdwg.org/plic/terms/version/,2023-07-14,recommended,,,,Patterns,Displacement of the species in space.,,,http://www.w3.org/2004/02/skos/core#ConceptScheme,,Migratory,/Dataset/TaxonRecord/NaturalHistory/Migratory/MigratoryAtomized/Patterns,,,,plic,plic,http://rs.tdwg.org/plic/terms/,,Patterns
2023-07-14T20:42:01-06:00,http://rs.tdwg.org/plic/terms/version/Routes-2023-07-14,Routes-2023-07-14,http://rs.tdwg.org/plic/terms/version/,2023-07-14,recommended,,,,Routes,Trajectory followed by the species.,,,http://www.w3.org/1999/02/22-rdf-syntax-ns#Property,,Migratory,/Dataset/TaxonRecord/NaturalHistory/Migratory/MigratoryAtomized/Routes,,,,plic,plic,http://rs.tdwg.org/plic/terms/,,Routes
2023-07-14T20:42:01-06:00,http://rs.tdwg.org/plic/terms/version/Season-2023-07-14,Season-2023-07-14,http://rs.tdwg.org/plic/terms/version/,2023-07-14,recommended,,,,Season,Time of year in which a species migrates.,,,http://www.w3.org/1999/02/22-rdf-syntax-ns#Property,,Migratory,/Dataset/TaxonRecord/NaturalHistory/Migratory/MigratoryAtomized/Season,,,,plic,plic,http://rs.tdwg.org/plic/terms/,,Season
2023-07-14T20:42:01-06:00,http://rs.tdwg.org/plic/terms/version/MolecularDataAtomized-2023-07-14,MolecularDataAtomized-2023-07-14,http://rs.tdwg.org/plic/terms/version/,2023-07-14,recommended,,,,atomized molecular data,MolecularData element in structured format.,,It includes elements of type MeasurmentsOrFacts,http://www.w3.org/1999/02/22-rdf-syntax-ns#Property,,MolecularData,/Dataset/TaxonRecord/NaturalHistory/MolecularData/MolecularDataAtomized,,,,plic,plic,http://rs.tdwg.org/plic/terms/,,MolecularDataAtomized
2023-07-14T20:42:01-06:00,http://rs.tdwg.org/plic/terms/version/MolecularDataUnstructured-2023-07-14,MolecularDataUnstructured-2023-07-14,http://rs.tdwg.org/plic/terms/version/,2023-07-14,recommended,,,,unstructured molecular data,MolecularData as a text block.,,,http://www.w3.org/1999/02/22-rdf-syntax-ns#Property,,MolecularData,/Dataset/TaxonRecord/NaturalHistory/MolecularData/MolecularDataUnstructured,,,,plic,plic,http://rs.tdwg.org/plic/terms/,,MolecularDataUnstructured
2023-07-14T20:42:01-06:00,http://rs.tdwg.org/plic/terms/version/RelatedTo-2023-07-14,RelatedTo-2023-07-14,http://rs.tdwg.org/plic/terms/version/,2023-07-14,recommended,,,,RelatedTo,Specifies to which PlinianCore term the information contained under MolecularDataAtomized refers to. The controlled vocabulary is list of content-bearing PlinianCore elements.,,,http://www.w3.org/1999/02/22-rdf-syntax-ns#Property,,MolecularData,/Dataset/TaxonRecord/NaturalHistory/Dispersal/DispersalAtomized/Distance/RelatedTo|/Dataset/TaxonRecord/NaturalHistory/Dispersal/DispersalAtomized/Purpose/RelatedTo|/Dataset/TaxonRecord/NaturalHistory/MolecularData/MolecularDataAtomized/RelatedTo,,,,plic,plic,http://rs.tdwg.org/plic/terms/,,RelatedTo
2023-07-14T20:42:01-06:00,http://rs.tdwg.org/plic/terms/version/behaviorAtomized-2023-07-14,behaviorAtomized-2023-07-14,http://rs.tdwg.org/plic/terms/version/,2023-07-14,recommended,,,,Atomized Behavior,"Responses, reactions or movements made by an organism in a particular situation.  ",,,http://www.w3.org/1999/02/22-rdf-syntax-ns#Property,,Behavior,/Dataset/TaxonRecord/NaturalHistory/Behavior/BehaviorAtomized,,,0,plic,plic,http://rs.tdwg.org/plic/terms/,,behaviorAtomized
2023-07-14T20:42:01-06:00,http://rs.tdwg.org/plic/terms/version/behaviorUnstructured-2023-07-14,behaviorUnstructured-2023-07-14,http://rs.tdwg.org/plic/terms/version/,2023-07-14,recommended,,,,Unstructured Behavior,"Responses, reactions or movements made by an organism in a particular situation.  ",,,http://www.w3.org/1999/02/22-rdf-syntax-ns#Property,,Behavior,/Dataset/TaxonRecord/NaturalHistory/Behavior/BehaviorUnstructured,,,,plic,plic,http://rs.tdwg.org/plic/terms/,,behaviorUnstructured
2023-07-14T20:42:01-06:00,http://rs.tdwg.org/plic/terms/version/NaturalHistoryUnstructured-2023-07-14,NaturalHistoryUnstructured-2023-07-14,http://rs.tdwg.org/plic/terms/version/,2023-07-14,recommended,,,,Natural History Unstructured,"NaturalHistory element in text block format. This term is an unstructured alternative that may fit in an structured way in terms under the following categories:  TaxonomicDescription, LifeForm, LifeCycle, Reproduction, AnnualCycles, Feeding, Dispersal, Behavior, Interactions, MolecularData, Migratory, EcologicalSignificance, MiscDetails, EnvironmentalEnvelope.",,,http://www.w3.org/1999/02/22-rdf-syntax-ns#Property,,NaturalHistory,/Dataset/TaxonRecord/NaturalHistory/NaturalHistoryUnstructured,,,,plic,plic,http://rs.tdwg.org/plic/terms/,,NaturalHistoryUnstructured
2023-07-14T20:42:01-06:00,http://rs.tdwg.org/plic/terms/version/NomenclatureAndClassificationUnstructured-2023-07-14,NomenclatureAndClassificationUnstructured-2023-07-14,http://rs.tdwg.org/plic/terms/version/,2023-07-14,recommended,,,,Nomenclature and Classification Unstructured,"Information on the taxon name, synonyms, nomenclatural status, common names, and taxonomic hierarchy; plus  misc. details and ancillary data.",,,http://www.w3.org/1999/02/22-rdf-syntax-ns#Property,,NomenclatureAndClassification,/Dataset/TaxonRecord/NomenclatureAndClassification/NomenclatureAndClassificationUnstructured,,,,plic,plic,http://rs.tdwg.org/plic/terms/,,NomenclatureAndClassificationUnstructured
2023-07-14T20:42:01-06:00,http://rs.tdwg.org/plic/terms/version/detailUnstructured-2023-07-14,detailUnstructured-2023-07-14,http://rs.tdwg.org/plic/terms/version/,2023-07-14,recommended,,,,Detail Unstructured,MiscDetail element in text block format.,,,http://www.w3.org/1999/02/22-rdf-syntax-ns#Property,,NomenclatureAndClassification,/Dataset/TaxonRecord/NaturalHistory/MiscDetails/DetailUnstructured|/Dataset/TaxonRecord/NomenclatureAndClassification/MiscDetails/DetailUnstructured,,,,plic,plic,http://rs.tdwg.org/plic/terms/,,detailUnstructured
2023-07-14T20:42:01-06:00,http://rs.tdwg.org/plic/terms/version/detailAtomized-2023-07-14,detailAtomized-2023-07-14,http://rs.tdwg.org/plic/terms/version/,2023-07-14,recommended,,,,Atomized Detail,MiscDetail element in structured format.,,,http://www.w3.org/1999/02/22-rdf-syntax-ns#Property,,NomenclatureAndClassification,/Dataset/TaxonRecord/NaturalHistory/MiscDetails/DetailAtomized|/Dataset/TaxonRecord/NomenclatureAndClassification/MiscDetails/DetailAtomized,,,,plic,plic,http://rs.tdwg.org/plic/terms/,PREGUNTAR A PACO VER COMENTARIOS,detailAtomized
2023-07-14T20:42:01-06:00,http://rs.tdwg.org/plic/terms/version/populationBiologyUnstructured-2023-07-14,populationBiologyUnstructured-2023-07-14,http://rs.tdwg.org/plic/terms/version/,2023-07-14,recommended,,,,unstructured population biology,Population biology data as a text block.,,,http://www.w3.org/1999/02/22-rdf-syntax-ns#Property,,DemographyAndThreat,/Dataset/TaxonRecord/DemographyAndThreat/PopulationBiology/PopulationBiologyUnstructured,,,,plic,plic,http://rs.tdwg.org/plic/terms/,,populationBiologyUnstructured
2023-07-14T20:42:01-06:00,http://rs.tdwg.org/plic/terms/version/BirthRate-2023-07-14,BirthRate-2023-07-14,http://rs.tdwg.org/plic/terms/version/,2023-07-14,recommended,,,,Birth rate,Ratio of births to the total number of individuals in a population in a time period.,,,http://www.w3.org/1999/02/22-rdf-syntax-ns#Property,,DemographyAndThreat,/Dataset/TaxonRecord/DemographyAndThreat/PopulationBiology/PopulationBiologyAtomized/BirthRate,,,,plic,plic,http://rs.tdwg.org/plic/terms/,,BirthRate
2023-07-14T20:42:01-06:00,http://rs.tdwg.org/plic/terms/version/NumberIndividualsPerObservation-2023-07-14,NumberIndividualsPerObservation-2023-07-14,http://rs.tdwg.org/plic/terms/version/,2023-07-14,recommended,,,,Number individuals per observation,Mean number of individuals per observation event or unit.,,,http://www.w3.org/1999/02/22-rdf-syntax-ns#Property,,DemographyAndThreat,/Dataset/TaxonRecord/DemographyAndThreat/PopulationBiology/PopulationBiologyAtomized/NumberIndividualsPerObservation,,,,plic,plic,http://rs.tdwg.org/plic/terms/,,NumberIndividualsPerObservation
2023-07-14T20:42:01-06:00,http://rs.tdwg.org/plic/terms/version/AverageDensity-2023-07-14,AverageDensity-2023-07-14,http://rs.tdwg.org/plic/terms/version/,2023-07-14,recommended,,,,Average density,Average of the densities obtained for a population.,,,http://www.w3.org/1999/02/22-rdf-syntax-ns#Property,,DemographyAndThreat,/Dataset/TaxonRecord/DemographyAndThreat/PopulationBiology/PopulationBiologyAtomized/AverageDensity,,,,plic,plic,http://rs.tdwg.org/plic/terms/,,AverageDensity
2023-07-14T20:42:01-06:00,http://rs.tdwg.org/plic/terms/version/PopulationTrend-2023-07-14,PopulationTrend-2023-07-14,http://rs.tdwg.org/plic/terms/version/,2023-07-14,recommended,,,,Population trend,"Changes of a population over time and can include changes in  distribution, biogeography (e.g., size of population), life-history (e.g., birth and death rates), etc.",,,http://www.w3.org/1999/02/22-rdf-syntax-ns#Property,,DemographyAndThreat,/Dataset/TaxonRecord/DemographyAndThreat/PopulationBiology/PopulationBiologyAtomized/PopulationTrend,,,,plic,plic,http://rs.tdwg.org/plic/terms/,,PopulationTrend
2023-07-14T20:42:01-06:00,http://rs.tdwg.org/plic/terms/version/Recruitment-2023-07-14,Recruitment-2023-07-14,http://rs.tdwg.org/plic/terms/version/,2023-07-14,recommended,,,,Recruitment,"Information on the process by which young individuals (e.g., seedlings, larvae, propagules) become part of the adult population. It can be rate, scale, a description, etc.",,,http://www.w3.org/1999/02/22-rdf-syntax-ns#Property,,DemographyAndThreat,/Dataset/TaxonRecord/DemographyAndThreat/PopulationBiology/PopulationBiologyAtomized/Recruitment,,,,plic,plic,http://rs.tdwg.org/plic/terms/,,Recruitment
2023-07-14T20:42:01-06:00,http://rs.tdwg.org/plic/terms/version/PopulationGrowthRate-2023-07-14,PopulationGrowthRate-2023-07-14,http://rs.tdwg.org/plic/terms/version/,2023-07-14,recommended,,,,Population growth rate,"Growth rate of a population in a given time period, based on births, deaths, emigration and immigration.",,,http://www.w3.org/1999/02/22-rdf-syntax-ns#Property,,DemographyAndThreat,/Dataset/TaxonRecord/DemographyAndThreat/PopulationBiology/PopulationBiologyAtomized/PopulationGrowthRate,,,,plic,plic,http://rs.tdwg.org/plic/terms/,,PopulationGrowthRate
2023-07-14T20:42:01-06:00,http://rs.tdwg.org/plic/terms/version/Emigration-2023-07-14,Emigration-2023-07-14,http://rs.tdwg.org/plic/terms/version/,2023-07-14,recommended,,,,Emigration,Information on  individuals leaving a population.,,,http://www.w3.org/1999/02/22-rdf-syntax-ns#Property,,DemographyAndThreat,/Dataset/TaxonRecord/DemographyAndThreat/PopulationBiology/PopulationBiologyAtomized/Emigration,,,,plic,plic,http://rs.tdwg.org/plic/terms/,,Emigration
2023-07-14T20:42:01-06:00,http://rs.tdwg.org/plic/terms/version/Immigration-2023-07-14,Immigration-2023-07-14,http://rs.tdwg.org/plic/terms/version/,2023-07-14,recommended,,,,Immigration,Information on individuals entering a population.,,,http://www.w3.org/1999/02/22-rdf-syntax-ns#Property,,DemographyAndThreat,/Dataset/TaxonRecord/DemographyAndThreat/PopulationBiology/PopulationBiologyAtomized/Immigration,,,,plic,plic,http://rs.tdwg.org/plic/terms/,,Immigration
2023-07-14T20:42:01-06:00,http://rs.tdwg.org/plic/terms/version/DescriptionLifeStages-2023-07-14,DescriptionLifeStages-2023-07-14,http://rs.tdwg.org/plic/terms/version/,2023-07-14,recommended,,,,Description life stages,Sex/age categories or life stages of a species; can be size in the case of plants.,,,http://www.w3.org/1999/02/22-rdf-syntax-ns#Property,,DemographyAndThreat,/Dataset/TaxonRecord/DemographyAndThreat/PopulationBiology/PopulationBiologyAtomized/DescriptionLifeStages,,,,plic,plic,http://rs.tdwg.org/plic/terms/,,DescriptionLifeStages
2023-07-14T20:42:01-06:00,http://rs.tdwg.org/plic/terms/version/ProportionIndividualsPerStageLife-2023-07-14,ProportionIndividualsPerStageLife-2023-07-14,http://rs.tdwg.org/plic/terms/version/,2023-07-14,recommended,,,,ProportionIndividuals per stage life,Percentage of individuals that belong to each life stage in a population.,,,http://www.w3.org/1999/02/22-rdf-syntax-ns#Property,,DemographyAndThreat,/Dataset/TaxonRecord/DemographyAndThreat/PopulationBiology/PopulationBiologyAtomized/ProportionIndividualsPerStageLife,,,,plic,plic,http://rs.tdwg.org/plic/terms/,,ProportionIndividualsPerStageLife
2023-07-14T20:42:01-06:00,http://rs.tdwg.org/plic/terms/version/CarryingCapacity-2023-07-14,CarryingCapacity-2023-07-14,http://rs.tdwg.org/plic/terms/version/,2023-07-14,recommended,,,,Carrying capacity,Maximum population density possible as limited by the resources available for the population in the absence of predators and parasites.,,,http://www.w3.org/1999/02/22-rdf-syntax-ns#Property,,DemographyAndThreat,/Dataset/TaxonRecord/DemographyAndThreat/PopulationBiology/PopulationBiologyAtomized/CarryingCapacity,,,,plic,plic,http://rs.tdwg.org/plic/terms/,,CarryingCapacity
2023-07-14T20:42:01-06:00,http://rs.tdwg.org/plic/terms/version/AbundanceData-2023-07-14,AbundanceData-2023-07-14,http://rs.tdwg.org/plic/terms/version/,2023-07-14,recommended,,,,AbundanceData,The relative representation of a species population in relation to other species or multiple species in a particular territory.,,,http://www.w3.org/1999/02/22-rdf-syntax-ns#Property,,DemographyAndThreat,/Dataset/TaxonRecord/DemographyAndThreat/PopulationBiology/PopulationBiologyAtomized/AbundanceData,,,,plic,plic,http://rs.tdwg.org/plic/terms/,,AbundanceData
2023-07-14T20:42:01-06:00,http://rs.tdwg.org/plic/terms/version/DensityData-2023-07-14,DensityData-2023-07-14,http://rs.tdwg.org/plic/terms/version/,2023-07-14,recommended,,,,DensityData,Population size in relation to a defined space unit.,,,http://www.w3.org/1999/02/22-rdf-syntax-ns#Property,,DemographyAndThreat,/Dataset/TaxonRecord/DemographyAndThreat/PopulationBiology/PopulationBiologyAtomized/DensityData,,,,plic,plic,http://rs.tdwg.org/plic/terms/,,DensityData
2023-07-14T20:42:01-06:00,http://rs.tdwg.org/plic/terms/version/PatternDistribution-2023-07-14,PatternDistribution-2023-07-14,http://rs.tdwg.org/plic/terms/version/,2023-07-14,recommended,,,,Pattern distribution,The spatial arrangement of the individuals of a population in the territory it occupies.,,,http://www.w3.org/1999/02/22-rdf-syntax-ns#Property,,DemographyAndThreat,/Dataset/TaxonRecord/DemographyAndThreat/PopulationBiology/PopulationBiologyAtomized/PatternDistribution,,,,plic,plic,http://rs.tdwg.org/plic/terms/,,PatternDistribution
2023-07-14T20:42:01-06:00,http://rs.tdwg.org/plic/terms/version/Size-2023-07-14,Size-2023-07-14,http://rs.tdwg.org/plic/terms/version/,2023-07-14,recommended,,,,Size,Number of individual organisms in a population.,,,http://www.w3.org/1999/02/22-rdf-syntax-ns#Property,,DemographyAndThreat,/Dataset/TaxonRecord/DemographyAndThreat/PopulationBiology/PopulationBiologyAtomized/Size,,,,plic,plic,http://rs.tdwg.org/plic/terms/,,Size
2023-07-14T20:42:01-06:00,http://rs.tdwg.org/plic/terms/version/SexRatio-2023-07-14,SexRatio-2023-07-14,http://rs.tdwg.org/plic/terms/version/,2023-07-14,recommended,,,,SexRatio,Relative number of males to females in a population.,,,http://www.w3.org/1999/02/22-rdf-syntax-ns#Property,,DemographyAndThreat,/Dataset/TaxonRecord/DemographyAndThreat/PopulationBiology/PopulationBiologyAtomized/SexRatio,,,,plic,plic,http://rs.tdwg.org/plic/terms/,,SexRatio
2023-07-14T20:42:01-06:00,http://rs.tdwg.org/plic/terms/version/Fecundity-2023-07-14,Fecundity-2023-07-14,http://rs.tdwg.org/plic/terms/version/,2023-07-14,recommended,,,,Fecundity,"In the context of a population, is the combined maximum potential of its individuals to produce offspring.",,,http://www.w3.org/1999/02/22-rdf-syntax-ns#Property,,DemographyAndThreat,/Dataset/TaxonRecord/DemographyAndThreat/PopulationBiology/PopulationBiologyAtomized/Fecundity,,,,plic,plic,http://rs.tdwg.org/plic/terms/,,Fecundity
2023-07-14T20:42:01-06:00,http://rs.tdwg.org/plic/terms/version/MortalityRate-2023-07-14,MortalityRate-2023-07-14,http://rs.tdwg.org/plic/terms/version/,2023-07-14,recommended,,,,Mortality rate,Probability of dying; the ratio between the number of deaths in a given time interval to the number of subjects alive at the start of this interval.,,,http://www.w3.org/1999/02/22-rdf-syntax-ns#Property,,DemographyAndThreat,/Dataset/TaxonRecord/DemographyAndThreat/PopulationBiology/PopulationBiologyAtomized/MortalityRate,,,,plic,plic,http://rs.tdwg.org/plic/terms/,,MortalityRate
2023-07-14T20:42:01-06:00,http://rs.tdwg.org/plic/terms/version/audiencesUnstructured-2023-07-14,audiencesUnstructured-2023-07-14,http://rs.tdwg.org/plic/terms/version/,2023-07-14,recommended,,,,Unstructured Audiences,List audience codes separated by means of comma or /.,,,http://www.w3.org/1999/02/22-rdf-syntax-ns#Property,,Metadata,/Dataset/TaxonRecord/RecordMetadata/TargetAudiences/AudiencesUnstructured,,,,plic,plic,http://rs.tdwg.org/plic/terms/,,audiencesUnstructured
2023-07-14T20:42:01-06:00,http://rs.tdwg.org/plic/terms/version/Revision-2023-07-14,Revision-2023-07-14,http://rs.tdwg.org/plic/terms/version/,2023-07-14,recommended,,,,Revision,"Creators, revision status and dates of the record.",,,http://www.w3.org/1999/02/22-rdf-syntax-ns#Property,,Metadata,/Dataset/TaxonRecord/RecordMetadata/Revision,,,,plic,plic,http://rs.tdwg.org/plic/terms/,,Revision
2023-07-14T20:42:01-06:00,http://rs.tdwg.org/plic/terms/version/reproductionAtomized-2023-07-14,reproductionAtomized-2023-07-14,http://rs.tdwg.org/plic/terms/version/,2023-07-14,recommended,,,,atomized reproduction,Reproduction element in structured format.,,,http://www.w3.org/1999/02/22-rdf-syntax-ns#Property,,Reproduction,/Dataset/TaxonRecord/NaturalHistory/Reproduction/ReproductionAtomized,,,,plic,plic,http://rs.tdwg.org/plic/terms/,,reproductionAtomized
2023-07-14T20:42:01-06:00,http://rs.tdwg.org/plic/terms/version/reproductionUnstructured-2023-07-14,reproductionUnstructured-2023-07-14,http://rs.tdwg.org/plic/terms/version/,2023-07-14,recommended,,,,unstructured reproduction,Reproduction element in text block format.,,,http://www.w3.org/1999/02/22-rdf-syntax-ns#Property,,Reproduction,/Dataset/TaxonRecord/NaturalHistory/Reproduction/ReproductionUnstructured,,,,plic,plic,http://rs.tdwg.org/plic/terms/,,reproductionUnstructured
2023-07-14T20:42:01-06:00,http://rs.tdwg.org/plic/terms/version/interactionUnstructured-2023-07-14,interactionUnstructured-2023-07-14,http://rs.tdwg.org/plic/terms/version/,2023-07-14,recommended,,,,Unstructured Interaction,interaction element in text block format.,,,http://www.w3.org/1999/02/22-rdf-syntax-ns#Property,,Interactions,/Dataset/TaxonRecord/NaturalHistory/Interactions/InteractionUnstructured,,,,plic,plic,http://rs.tdwg.org/plic/terms/,,interactionUnstructured
2023-07-14T20:42:01-06:00,http://rs.tdwg.org/plic/terms/version/synonymsUnstructured-2023-07-14,synonymsUnstructured-2023-07-14,http://rs.tdwg.org/plic/terms/version/,2023-07-14,recommended,,,,unstructured synonyms,list of synonyms elements in a text block format.,,,http://www.w3.org/1999/02/22-rdf-syntax-ns#Property,,NomenclatureAndClassification,/Dataset/TaxonRecord/NomenclatureAndClassification/Synonyms/SynonymsUnstructured,,,,plic,plic,http://rs.tdwg.org/plic/terms/,,synonymsUnstructured
2023-07-14T20:42:01-06:00,http://rs.tdwg.org/plic/terms/version/SynonymName-2023-07-14,SynonymName-2023-07-14,http://rs.tdwg.org/plic/terms/version/,2023-07-14,recommended,,,,Synonym name ,Scientific name of the synonym.,,"tcs: ScientificName. An object that represents a single scientific biological name that either is, or appears to be, governed by one of the biological codes of nomenclature. These are not taxa. Taxa, whether accepted or not, are represented by TaxonConcept objects. Vernacular names are also dealt with under taxon concepts",http://www.w3.org/1999/02/22-rdf-syntax-ns#Property,,NomenclatureAndClassification,/Dataset/TaxonRecord/NomenclatureAndClassification/Synonyms/SynonymsAtomized/SynonymName,,,,plic,plic,http://rs.tdwg.org/plic/terms/,,SynonymName
2023-07-14T20:42:01-06:00,http://rs.tdwg.org/plic/terms/version/SynonymStatus-2023-07-14,SynonymStatus-2023-07-14,http://rs.tdwg.org/plic/terms/version/,2023-07-14,recommended,,,,Synonym status,Nomenclatural Status,,corresponds to dwc:nomenclaturalStatus. http://rs.tdwg.org/dwc/terms/index.htm#nomenclaturalStatus,http://www.w3.org/1999/02/22-rdf-syntax-ns#Property,,NomenclatureAndClassification,/Dataset/TaxonRecord/NomenclatureAndClassification/Synonyms/SynonymsAtomized/SynonymStatus,,,,plic,plic,http://rs.tdwg.org/plic/terms/,,SynonymStatus
2023-07-14T20:42:01-06:00,http://rs.tdwg.org/plic/terms/version/keys-2023-07-14,keys-2023-07-14,http://rs.tdwg.org/plic/terms/version/,2023-07-14,recommended,,,,Keys,Dichotomic or multientrance keys.,,,http://www.w3.org/1999/02/22-rdf-syntax-ns#Property,,TaxonomicDescription,/Dataset/TaxonRecord/TaxonomicDescription/IdentificationKeys/Keys,,,,plic,plic,http://rs.tdwg.org/plic/terms/,,keys
2023-07-14T20:42:01-06:00,http://rs.tdwg.org/plic/terms/version/fullDescriptionAtomized-2023-07-14,fullDescriptionAtomized-2023-07-14,http://rs.tdwg.org/plic/terms/version/,2023-07-14,recommended,,,,Atomized Full Description,fullDescription element in structured format.,,,http://www.w3.org/1999/02/22-rdf-syntax-ns#Property,,TaxonomicDescription,/Dataset/TaxonRecord/TaxonomicDescription/FullDescription/FullDescriptionAtomized,,,,plic,plic,http://rs.tdwg.org/plic/terms/,,fullDescriptionAtomized
2023-07-14T20:42:01-06:00,http://rs.tdwg.org/plic/terms/version/fullDescriptionUnstructured-2023-07-14,fullDescriptionUnstructured-2023-07-14,http://rs.tdwg.org/plic/terms/version/,2023-07-14,recommended,,,,Unstructured Full Description,fullDescription element in text block format.,,,http://www.w3.org/1999/02/22-rdf-syntax-ns#Property,,TaxonomicDescription,/Dataset/TaxonRecord/TaxonomicDescription/FullDescription/FullDescriptionUnstructured,,,,plic,plic,http://rs.tdwg.org/plic/terms/,,fullDescriptionUnstructured
2023-07-14T20:42:01-06:00,http://rs.tdwg.org/plic/terms/version/briefDescription-2023-07-14,briefDescription-2023-07-14,http://rs.tdwg.org/plic/terms/version/,2023-07-14,recommended,,,,Brief Description,"Brief description which reflect only the diagnostic characters, i.e. those that distinguish a taxon from other related or close taxa.",,,http://www.w3.org/1999/02/22-rdf-syntax-ns#Property,,TaxonomicDescription,/Dataset/TaxonRecord/TaxonomicDescription/BriefDescription,,,,plic,plic,http://rs.tdwg.org/plic/terms/,,briefDescription
2023-07-14T20:42:01-06:00,http://rs.tdwg.org/plic/terms/version/taxonomicDescriptionUnstructured-2023-07-14,taxonomicDescriptionUnstructured-2023-07-14,http://rs.tdwg.org/plic/terms/version/,2023-07-14,recommended,,,,unstructured taxonomic description,TaxonomicDescription element in text block format.,,,http://www.w3.org/1999/02/22-rdf-syntax-ns#Property,,TaxonomicDescription,/Dataset/TaxonRecord/TaxonomicDescription/TaxonomicDescriptionUnstructured,,,,plic,plic,http://rs.tdwg.org/plic/terms/,,taxonomicDescriptionUnstructured
2023-07-14T20:42:01-06:00,http://rs.tdwg.org/plic/terms/version/territoryUnstructured-2023-07-14,territoryUnstructured-2023-07-14,http://rs.tdwg.org/plic/terms/version/,2023-07-14,recommended,,,,unstructured territory,"Information associated mostly to vertebrates, referring to the territorial extension of the individual or group in terms of its activities (feeding, mating, etc.). As a text block.",,,http://www.w3.org/1999/02/22-rdf-syntax-ns#Property,,DemographyAndThreat,/Dataset/TaxonRecord/DemographyAndThreat/Territory/TerritoryUnstructured,,,,plic,plic,http://rs.tdwg.org/plic/terms/,,territoryUnstructured
2023-07-14T20:42:01-06:00,http://rs.tdwg.org/plic/terms/version/ExtentOfOccurrence-2023-07-14,ExtentOfOccurrence-2023-07-14,http://rs.tdwg.org/plic/terms/version/,2023-07-14,recommended,,,,Extent of occurrence,"Area contained within the shortest continuous imaginary boundary which can be drawn to encompass all the known, inferred or projected sites of present occurrence of a taxon, excluding cases of vagrancy.",,,http://www.w3.org/1999/02/22-rdf-syntax-ns#Property,,DemographyAndThreat,/Dataset/TaxonRecord/DemographyAndThreat/Territory/TerritoryAtomized/ExtentOfOccurrence,,,,plic,plic,http://rs.tdwg.org/plic/terms/,,ExtentOfOccurrence
2023-07-14T20:42:01-06:00,http://rs.tdwg.org/plic/terms/version/AreaOfOccupancy-2023-07-14,AreaOfOccupancy-2023-07-14,http://rs.tdwg.org/plic/terms/version/,2023-07-14,recommended,,,,Area of occupancy,"Area within its 'extent of occurrence' (see EOO) which is occupied by a taxon, excluding cases of vagrancy. The measure reflects the fact that a taxon will not usually occur throughout the area of its extent of occurrence, which may contain unsuitable or unoccupied habitats.",,,http://www.w3.org/1999/02/22-rdf-syntax-ns#Property,,DemographyAndThreat,/Dataset/TaxonRecord/DemographyAndThreat/Territory/TerritoryAtomized/AreaOfOccupancy,,,,plic,plic,http://rs.tdwg.org/plic/terms/,,AreaOfOccupancy
2023-07-14T20:42:01-06:00,http://rs.tdwg.org/plic/terms/version/DirectThreatAtomized-2023-07-14,DirectThreatAtomized-2023-07-14,http://rs.tdwg.org/plic/terms/version/,2023-07-14,recommended,,,,Atomized Direct Threat,directThreats element in structured format. ,,,http://www.w3.org/1999/02/22-rdf-syntax-ns#Property,,DemographyAndThreat,/Dataset/TaxonRecord/DemographyAndThreat/DirectThreats/DirectThreatAtomized,,,,plic,plic,http://rs.tdwg.org/plic/terms/,,DirectThreatAtomized
2023-07-14T20:42:01-06:00,http://rs.tdwg.org/plic/terms/version/directThreatUnstructured-2023-07-14,directThreatUnstructured-2023-07-14,http://rs.tdwg.org/plic/terms/version/,2023-07-14,recommended,,,,Unstructured Direct Threat,directThreats element in text block format.,,,http://www.w3.org/1999/02/22-rdf-syntax-ns#Property,,DemographyAndThreat,/Dataset/TaxonRecord/DemographyAndThreat/DirectThreats/DirectThreatUnstructured,,,,plic,plic,http://rs.tdwg.org/plic/terms/,,directThreatUnstructured
2023-07-14T20:42:01-06:00,http://rs.tdwg.org/plic/terms/version/threatStatusUnstructured-2023-07-14,threatStatusUnstructured-2023-07-14,http://rs.tdwg.org/plic/terms/version/,2023-07-14,recommended,,,,unstructured threat status,Information about the status of the taxon.As a text block.,,,http://www.w3.org/1999/02/22-rdf-syntax-ns#Property,,DemographyAndThreat,/Dataset/TaxonRecord/DemographyAndThreat/ThreatStatus/ThreatStatusUnstructured,,,,plic,plic,http://rs.tdwg.org/plic/terms/,,threatStatusUnstructured
2023-07-14T20:42:01-06:00,http://rs.tdwg.org/plic/terms/version/ThreatCategory-2023-07-14,ThreatCategory-2023-07-14,http://rs.tdwg.org/plic/terms/version/,2023-07-14,recommended,,,,Threat category,Description of the conservation status.,,,http://www.w3.org/1999/02/22-rdf-syntax-ns#Property,,DemographyAndThreat,/Dataset/TaxonRecord/DemographyAndThreat/ThreatStatus/ThreatStatusAtomized/ThreatCategory,,,,plic,plic,http://rs.tdwg.org/plic/terms/,,ThreatCategory
2023-07-14T20:42:01-06:00,http://rs.tdwg.org/plic/terms/version/Authority-2023-07-14,Authority-2023-07-14,http://rs.tdwg.org/plic/terms/version/,2023-07-14,recommended,,,,Authority,Organism or institution that assess the status.,,,http://www.w3.org/1999/02/22-rdf-syntax-ns#Property,,DemographyAndThreat,/Dataset/TaxonRecord/DemographyAndThreat/ThreatStatus/ThreatStatusAtomized/Authority,,,,plic,plic,http://rs.tdwg.org/plic/terms/,,Authority
2023-07-14T20:42:01-06:00,http://rs.tdwg.org/plic/terms/version/TrophicStrategy-2023-07-14,TrophicStrategy-2023-07-14,http://rs.tdwg.org/plic/terms/version/,2023-07-14,recommended,,,,Trophic Strategy,"Tactic used to obtain energy or nutrients. A controlled vocabulary is  recommended. e.g. Chemosynthetic organisms, Photosynthetic  organisms, Parasites, Decomposers, Suspension feeders, Substrate feeders,   Grazers, Fluid-feeders, Predators...",,,http://www.w3.org/2004/02/skos/core#ConceptScheme,,Feeding,/Dataset/TaxonRecord/NaturalHistory/Feeding/FeedingAtomized/Thropic/TrophicStrategy,,,,plic,plic,http://rs.tdwg.org/plic/terms/,,TrophicStrategy
2023-07-14T20:42:01-06:00,http://rs.tdwg.org/plic/terms/version/TrophicStrategyRemarks-2023-07-14,TrophicStrategyRemarks-2023-07-14,http://rs.tdwg.org/plic/terms/version/,2023-07-14,recommended,,,,Trophic Strategy Remarks,Information notes about specific feeding strategies.,,,http://www.w3.org/2004/02/skos/core#ConceptScheme,,Feeding,/Dataset/TaxonRecord/NaturalHistory/Feeding/FeedingAtomized/Thropic/TrophicStrategyRemarks,,,,plic,plic,http://rs.tdwg.org/plic/terms/,,TrophicStrategyRemarks
2023-07-14T20:42:01-06:00,http://rs.tdwg.org/plic/terms/version/UsesUnstructured-2023-07-14,UsesUnstructured-2023-07-14,http://rs.tdwg.org/plic/terms/version/,2023-07-14,recommended,,,,Unstructured Uses,Uses in a unstructured format.,,,http://www.w3.org/1999/02/22-rdf-syntax-ns#Property,,UsesManagementAndConservation,/Dataset/TaxonRecord/UsesManagementAndConservation/Uses/UsesUnstructured,,,,plic,plic,http://rs.tdwg.org/plic/terms/,,UsesUnstructured
2023-07-14T20:42:01-06:00,http://rs.tdwg.org/plic/terms/version/Use-Value-2023-07-14,Use-Value-2023-07-14,http://rs.tdwg.org/plic/terms/version/,2023-07-14,recommended,,,,Use-Value,"What is the plant used for, or what negative values does it have.",,,http://www.w3.org/1999/02/22-rdf-syntax-ns#Property,,UsesManagementAndConservation,/Dataset/TaxonRecord/UsesManagementAndConservation/Uses/UsesAtomized/Use-Value,,,,plic,plic,http://rs.tdwg.org/plic/terms/,,Use-Value
2023-07-14T20:42:01-06:00,http://rs.tdwg.org/plic/terms/version/PartUsed-2023-07-14,PartUsed-2023-07-14,http://rs.tdwg.org/plic/terms/version/,2023-07-14,recommended,,,,Part Used,"Acc. TDWG Economic Botany. Which plant parts are used, or have any negative values.",,,http://www.w3.org/1999/02/22-rdf-syntax-ns#Property,,UsesManagementAndConservation,/Dataset/TaxonRecord/UsesManagementAndConservation/Uses/UsesAtomized/PartUsed,,,,plic,plic,http://rs.tdwg.org/plic/terms/,,PartUsed
2023-07-14T20:42:01-06:00,http://rs.tdwg.org/plic/terms/version/Users-2023-07-14,Users-2023-07-14,http://rs.tdwg.org/plic/terms/version/,2023-07-14,recommended,,,,Users,Acc. TDWG Economic Botany. The user group who recognizes the value and/or use of the plant.,,,http://www.w3.org/1999/02/22-rdf-syntax-ns#Property,,UsesManagementAndConservation,/Dataset/TaxonRecord/UsesManagementAndConservation/Uses/UsesAtomized/Users,,,,plic,plic,http://rs.tdwg.org/plic/terms/,,Users
2023-07-14T20:42:01-06:00,http://rs.tdwg.org/plic/terms/version/Organisms-2023-07-14,Organisms-2023-07-14,http://rs.tdwg.org/plic/terms/version/,2023-07-14,recommended,,,,Organisms,Acc. TDWG Economic Botany. Organisms which use the plant/plant parts.,,,http://www.w3.org/1999/02/22-rdf-syntax-ns#Property,,UsesManagementAndConservation,/Dataset/TaxonRecord/UsesManagementAndConservation/Uses/UsesAtomized/Organisms,,,,plic,plic,http://rs.tdwg.org/plic/terms/,,Organisms
2023-07-14T20:42:01-06:00,http://rs.tdwg.org/plic/terms/version/VernacularNameUseAnnotations-2023-07-14,VernacularNameUseAnnotations-2023-07-14,http://rs.tdwg.org/plic/terms/version/,2023-07-14,recommended,,,,Vernacular Name Use Annotations,"Acc. TDWG Economic Botany. The name of the taxon must be distinguished from the name of the plant parts, the names of any processing stages, and the final product name. Names used in trade should be identified. It should also be mentioned if any vernacular name refers to more than one taxon. The use of some names may be restricted to a time of year or occasion, or have sacred connotations. The language or dialect to which the names belong should be stated along with details of the ethnic group. Care should be taken with transliteration into the Roman alphabet; if a standard system exists, use it and note which one it is.",,,http://www.w3.org/1999/02/22-rdf-syntax-ns#Property,,UsesManagementAndConservation,/Dataset/TaxonRecord/UsesManagementAndConservation/Uses/UsesAtomized/VernacularNameUseAnnotations,,,,plic,plic,http://rs.tdwg.org/plic/terms/,,VernacularNameUseAnnotations
2023-07-14T20:42:01-06:00,http://rs.tdwg.org/plic/terms/version/ProductionDetails-2023-07-14,ProductionDetails-2023-07-14,http://rs.tdwg.org/plic/terms/version/,2023-07-14,recommended,,,,Production Details,"Definition:        Acc. TDWG Economic Botany. (where relevant). Give details of protection, cultivation, harvesting, yields, processing and storage methods used and take note of special tools, timing etc.",,,http://www.w3.org/1999/02/22-rdf-syntax-ns#Property,,UsesManagementAndConservation,/Dataset/TaxonRecord/UsesManagementAndConservation/Uses/UsesAtomized/ProductionDetails,,,,plic,plic,http://rs.tdwg.org/plic/terms/,,ProductionDetails
2023-07-14T20:42:01-06:00,http://rs.tdwg.org/plic/terms/version/MeansOfApplication-Administration-2023-07-14,MeansOfApplication-Administration-2023-07-14,http://rs.tdwg.org/plic/terms/version/,2023-07-14,recommended,,,,Means of Application-Administration,"Acc. TDWG Economic Botany. This is specific relevant for medicines, poisons .",,,http://www.w3.org/1999/02/22-rdf-syntax-ns#Property,,UsesManagementAndConservation,/Dataset/TaxonRecord/UsesManagementAndConservation/Uses/UsesAtomized/MeansOfApplication-Administration,,,,plic,plic,http://rs.tdwg.org/plic/terms/,,MeansOfApplication-Administration
2023-07-14T20:42:01-06:00,http://rs.tdwg.org/plic/terms/version/SeasonOfAvailability-Use-2023-07-14,SeasonOfAvailability-Use-2023-07-14,http://rs.tdwg.org/plic/terms/version/,2023-07-14,recommended,,,,Season of Availability-Use,"Acc. TDWG Economic Botany. The season in which the plant is available/is used and, if relevant, the time of day.",,,http://www.w3.org/1999/02/22-rdf-syntax-ns#Property,,UsesManagementAndConservation,/Dataset/TaxonRecord/UsesManagementAndConservation/Uses/UsesAtomized/SeasonOfAvailability-Use,,,,plic,plic,http://rs.tdwg.org/plic/terms/,,SeasonOfAvailability-Use
2023-07-14T20:42:01-06:00,http://rs.tdwg.org/plic/terms/version/Conservation-ExplotationData-2023-07-14,Conservation-ExplotationData-2023-07-14,http://rs.tdwg.org/plic/terms/version/,2023-07-14,recommended,,,,Conservation-Explotation Data,"Acc. TDWG Economic Botany. Frequency record of plants, details of regeneration, sustainability or over-exploitation and any locally imposed bans on felling or harvesting.",,,http://www.w3.org/1999/02/22-rdf-syntax-ns#Property,,UsesManagementAndConservation,/Dataset/TaxonRecord/UsesManagementAndConservation/Uses/UsesAtomized/Conservation-ExplotationData,,,,plic,plic,http://rs.tdwg.org/plic/terms/,,Conservation-ExplotationData
2023-07-14T20:42:01-06:00,http://rs.tdwg.org/plic/terms/version/UseType-2023-07-14,UseType-2023-07-14,http://rs.tdwg.org/plic/terms/version/,2023-07-14,recommended,,,,Use Type,"Acc. TDWG Economic Botany. Type of use: traditional, modern, industrial or just a possible use.",,,http://www.w3.org/1999/02/22-rdf-syntax-ns#Property,,UsesManagementAndConservation,,,,,plic,plic,http://rs.tdwg.org/plic/terms/,,UseType
2023-07-14T20:42:01-06:00,http://rs.tdwg.org/plic/terms/version/Economics-2023-07-14,Economics-2023-07-14,http://rs.tdwg.org/plic/terms/version/,2023-07-14,recommended,,,,Economics,"Acc. TDWG Economic Botany. Real or potential existence of trade in live plants, plant parts or derivatives and, if so, the trade scale.",,,http://www.w3.org/1999/02/22-rdf-syntax-ns#Property,,UsesManagementAndConservation,/Dataset/TaxonRecord/UsesManagementAndConservation/Uses/UsesAtomized/Economics,,,,plic,plic,http://rs.tdwg.org/plic/terms/,,Economics
2023-07-14T20:42:01-06:00,http://rs.tdwg.org/plic/terms/version/RatingPopularity-2023-07-14,RatingPopularity-2023-07-14,http://rs.tdwg.org/plic/terms/version/,2023-07-14,recommended,,,,Rating Popularity,"Acc. TDWG Economic Botany. Assessment of the plant for its use and possible preference to other species, pointing out, in this case, which species are they.",,,http://www.w3.org/1999/02/22-rdf-syntax-ns#Property,,UsesManagementAndConservation,/Dataset/TaxonRecord/UsesManagementAndConservation/Uses/UsesAtomized/RatingPopularity,,,,plic,plic,http://rs.tdwg.org/plic/terms/,,RatingPopularity
2023-07-14T20:42:01-06:00,http://rs.tdwg.org/plic/terms/version/Properties-2023-07-14,Properties-2023-07-14,http://rs.tdwg.org/plic/terms/version/,2023-07-14,recommended,,,,Properties,Acc. TDWG Economic Botany. Details of properties which influence its value for a specified purpose.,,,http://www.w3.org/1999/02/22-rdf-syntax-ns#Property,,UsesManagementAndConservation,/Dataset/TaxonRecord/UsesManagementAndConservation/Uses/UsesAtomized/Properties,,,,plic,plic,http://rs.tdwg.org/plic/terms/,,Properties
2023-07-14T20:42:01-06:00,http://rs.tdwg.org/plic/terms/version/Potential-2023-07-14,Potential-2023-07-14,http://rs.tdwg.org/plic/terms/version/,2023-07-14,recommended,,,,Potential,"Acc. TDWG Economic Botany. Could the use, cultivation, manufacture of products etc. be increased and /or introduced to other areas or social groups?",,,http://www.w3.org/1999/02/22-rdf-syntax-ns#Property,,UsesManagementAndConservation,/Dataset/TaxonRecord/UsesManagementAndConservation/Uses/UsesAtomized/Potential,,,,plic,plic,http://rs.tdwg.org/plic/terms/,,Potential
2023-07-14T20:42:01-06:00,http://rs.tdwg.org/plic/terms/version/UseNotes-2023-07-14,UseNotes-2023-07-14,http://rs.tdwg.org/plic/terms/version/,2023-07-14,recommended,,,,Use Notes,Notes about how species are utilized by people.,,,http://www.w3.org/1999/02/22-rdf-syntax-ns#Property,,UsesManagementAndConservation,/Dataset/TaxonRecord/UsesManagementAndConservation/Uses/UsesAtomized/UseNotes,,,,plic,plic,http://rs.tdwg.org/plic/terms/,,UseNotes
2023-07-14T20:42:01-06:00,http://rs.tdwg.org/plic/terms/version/Objectives-2023-07-14,Objectives-2023-07-14,http://rs.tdwg.org/plic/terms/version/,2023-07-14,recommended,,,,Objectives,Specific purposes of the management actions. Each objective must be separated by ;,,,http://www.w3.org/1999/02/22-rdf-syntax-ns#Property,,UsesManagementAndConservation,/Dataset/TaxonRecord/UsesManagementAndConservation/ManagementAndConservation/ManagementAndConservationAtomized/Objectives,,,,plic,plic,http://rs.tdwg.org/plic/terms/,,Objectives
2023-07-14T20:42:01-06:00,http://rs.tdwg.org/plic/terms/version/ManagementPlan-2023-07-14,ManagementPlan-2023-07-14,http://rs.tdwg.org/plic/terms/version/,2023-07-14,recommended,,,,Management Plan,plan guiding the overall management project.,,,http://www.w3.org/1999/02/22-rdf-syntax-ns#Property,,UsesManagementAndConservation,/Dataset/TaxonRecord/UsesManagementAndConservation/ManagementAndConservation/ManagementAndConservationAtomized/ManagementPlan,,,,plic,plic,http://rs.tdwg.org/plic/terms/,,ManagementPlan
2023-07-14T20:42:01-06:00,http://rs.tdwg.org/plic/terms/version/Actions-2023-07-14,Actions-2023-07-14,http://rs.tdwg.org/plic/terms/version/,2023-07-14,recommended,,,,Actions,Individual tasks in which a management project can be atomized. Each action must be separated by ;,,,http://www.w3.org/1999/02/22-rdf-syntax-ns#Property,,UsesManagementAndConservation,/Dataset/TaxonRecord/UsesManagementAndConservation/ManagementAndConservation/ManagementAndConservationAtomized/Actions,,,,plic,plic,http://rs.tdwg.org/plic/terms/,,Actions
2023-07-14T20:42:01-06:00,http://rs.tdwg.org/plic/terms/version/ActionsType-2023-07-14,ActionsType-2023-07-14,http://rs.tdwg.org/plic/terms/version/,2023-07-14,recommended,,,,Actions Type,Each action must have one type. In the case that one action doesn't have type then put blank.,,,http://www.w3.org/1999/02/22-rdf-syntax-ns#Property,,UsesManagementAndConservation,,,,,plic,plic,http://rs.tdwg.org/plic/terms/,,ActionsType
2023-07-14T20:42:01-06:00,http://rs.tdwg.org/plic/terms/version/HumanAndEnvironmentalrelevance-2023-07-14,HumanAndEnvironmentalrelevance-2023-07-14,http://rs.tdwg.org/plic/terms/version/,2023-07-14,recommended,,,,Human and Environmental Relevance,"Impact or value an species has either on the environment or on humans, and that justify management measures.",,,http://www.w3.org/1999/02/22-rdf-syntax-ns#Property,,UsesManagementAndConservation,/Dataset/TaxonRecord/UsesManagementAndConservation/ManagementAndConservation/ManagementAndConservationAtomized/HumanAndEnvironmentalRelevance,,,,plic,plic,http://rs.tdwg.org/plic/terms/,,HumanAndEnvironmentalrelevance
2023-07-14T20:42:01-06:00,http://rs.tdwg.org/plic/terms/version/UsesManagementAndConservationUnstructured-2023-07-14,UsesManagementAndConservationUnstructured-2023-07-14,http://rs.tdwg.org/plic/terms/version/,2023-07-14,recommended,,,,Uses Management and Conservation Unstructured ,UsesManagementAndConservation element in text block format.,,,http://www.w3.org/1999/02/22-rdf-syntax-ns#Property,,UsesManagementAndConservation,/Dataset/TaxonRecord/UsesManagementAndConservation/UsesManagementAndConservationUnstructured,,,,plic,plic,http://rs.tdwg.org/plic/terms/,,UsesManagementAndConservationUnstructured
2023-07-14T20:42:01-06:00,http://rs.tdwg.org/plic/terms/version/ManagementAndConservationUnstructured-2023-07-14,ManagementAndConservationUnstructured-2023-07-14,http://rs.tdwg.org/plic/terms/version/,2023-07-14,recommended,,,,Management and Conservation Unstructured,Management: actions directed at conserving or restoring species / Conservation: interventions undertaken designed to preserve species as a text block.,,,http://www.w3.org/1999/02/22-rdf-syntax-ns#Property,,UsesManagementAndConservation,/Dataset/TaxonRecord/UsesManagementAndConservation/ManagementAndConservation/ManagementAndConservationUnstructured,,,,plic,plic,http://rs.tdwg.org/plic/terms/,,ManagementAndConservationUnstructured
2023-07-14T20:42:01-06:00,http://rs.tdwg.org/plic/terms/version/SourceOfInformationText-2023-07-14,SourceOfInformationText-2023-07-14,http://rs.tdwg.org/plic/terms/version/,2023-07-14,recommended,,,,Source of information text,"Where does the observation come from? Where appropriate, voucher specimen details should be provided (collector, number, date, herbarium) as well as details of the recorded informant (name, gender, approximate age, occupation, ethnic identity, locality and spoken language).",,,http://www.w3.org/1999/02/22-rdf-syntax-ns#Property,,UsesManagementAndConservation,/Dataset/TaxonRecord/UsesManagementAndConservation/Uses/UsesAtomized/SourceOfInformation/SourceOfInformationText,,,,plic,plic,http://rs.tdwg.org/plic/terms/,,SourceOfInformationText
2023-07-14T20:42:01-06:00,http://rs.tdwg.org/plic/terms/version/Major-2023-07-14,Major-2023-07-14,http://rs.tdwg.org/plic/terms/version/,2023-07-14,recommended,,,,Major,The major version number ('1' in 1.2) as defined by the content creators.,,,http://www.w3.org/1999/02/22-rdf-syntax-ns#Property,,Metadata,/Dataset/TaxonRecord/RecordMetadata/Version/Major,,,,plic,plic,http://rs.tdwg.org/plic/terms/,,Major
2023-07-14T20:42:01-06:00,http://rs.tdwg.org/plic/terms/version/Minor-2023-07-14,Minor-2023-07-14,http://rs.tdwg.org/plic/terms/version/,2023-07-14,recommended,,,,Minor,An optional minor version number ('2' in 1.2),,,http://www.w3.org/1999/02/22-rdf-syntax-ns#Property,,Metadata,/Dataset/TaxonRecord/RecordMetadata/Version/Minor,,,,plic,plic,http://rs.tdwg.org/plic/terms/,,Minor
2023-07-14T20:42:01-06:00,http://rs.tdwg.org/plic/terms/version/Modifier-2023-07-14,Modifier-2023-07-14,http://rs.tdwg.org/plic/terms/version/,2023-07-14,recommended,,,,Modifier,Unconstrained text specifying status + optional number.,,,http://www.w3.org/1999/02/22-rdf-syntax-ns#Property,,Metadata,/Dataset/TaxonRecord/RecordMetadata/Version/Modifier,,,,plic,plic,http://rs.tdwg.org/plic/terms/,,Modifier
2023-07-14T20:42:01-06:00,http://rs.tdwg.org/plic/terms/version/DateIssued-2023-07-14,DateIssued-2023-07-14,http://rs.tdwg.org/plic/terms/version/,2023-07-14,recommended,,,,Date issued,Source for Dublin-Core standard element Date.Issued: Citable 'publication date' of the current version (comp. Revision_Data/Date_Created and Date_Modified for version- independent dates). This date should be missing if the current version is not yet published!.,,,http://www.w3.org/1999/02/22-rdf-syntax-ns#Property,,Metadata,/Dataset/TaxonRecord/RecordMetadata/Version/DateIssued,,,,plic,plic,http://rs.tdwg.org/plic/terms/,,DateIssued
2023-07-14T20:42:01-06:00,http://rs.tdwg.org/plic/terms/version/PreferredFlag-2023-07-14,PreferredFlag-2023-07-14,http://rs.tdwg.org/plic/terms/version/,2023-07-14,recommended,,,,Preferred flag,TRUE to indicate current version when providers serve more than one record per taxon.,,,http://www.w3.org/1999/02/22-rdf-syntax-ns#Property,,Metadata,/Dataset/TaxonRecord/RecordMetadata/Version/PreferredFlag,,,,plic,plic,http://rs.tdwg.org/plic/terms/,,PreferredFlag
2023-07-14T20:42:01-06:00,http://rs.tdwg.org/plic/terms/version/taxonValue-2023-07-14,taxonValue-2023-07-14,http://rs.tdwg.org/plic/terms/version/,2023-07-14,recommended,,,,Taxon value,The taxon name,,,http://www.w3.org/1999/02/22-rdf-syntax-ns#Property,,NomenclatureAndClassification,/Dataset/TaxonRecord/NomenclatureAndClassification/Hierarchy/ParentTaxon/taxonValue,,,,plic,plic,http://rs.tdwg.org/plic/terms/,,taxonValue
2023-07-14T20:42:01-06:00,http://rs.tdwg.org/plic/terms/version/GlobalUniqueIdentifier-2023-07-14,GlobalUniqueIdentifier-2023-07-14,http://rs.tdwg.org/plic/terms/version/,2023-07-14,recommended,,,,Global Unique Identifier,According to Darwin Core: An Uniform Resource Name (URN) used as an unique identifier of the taxon record.,,,http://www.w3.org/1999/02/22-rdf-syntax-ns#Property,,Metadata,/Dataset/TaxonRecord/BaseElements/GlobalUniqueIdentifier,,,,plic,plic,http://rs.tdwg.org/plic/terms/,,GlobalUniqueIdentifier
