document_modified,term_localName,term_isDefinedBy,term_created,term_modified,term_deprecated,replaces_term,replaces1_term,replaces2_term,label,definition,usage,notes,type,controlled value string,tdwgutility_organizedInClass,SKOS_inSchema,tdwgutility_repeatable,Nuestras notas,
2021-01-08T20:57:31-06:00,abstract,http://rs.tdwg.org/plic/terms/,2021-01-08,2021-01-08,,,,,Abstract,A brief summary of the most relevant or attractive features of this taxón to the general public.  Could point to any kind of information. ,,"Example: Blue whale is the largest mammal in the world.
",http://www.w3.org/1999/02/22-rdf-syntax-ns#Property,,BaseElements,,,,
2021-01-08T20:57:31-06:00,"ancillaryData
",http://rs.tdwg.org/plic/terms/,2021-01-08,2021-01-08,,,,,Ancillary Data,"The AncillaryData element contains information that could be an image, an audio, a list of references, a list of agents, rights, licenses...related with the element that belongs. It`s a redefinition of DataObject element from EOL scheme.

",,,http://www.w3.org/2000/01/rdf-schema#Class,,dataset,,,,
2021-01-08T20:57:31-06:00,annualCycleAtomized,http://rs.tdwg.org/plic/terms/,2021-01-08,2021-01-08,,,,,Atomized Annual Cycle,"AnnualCycles element in structured format.
",,,http://www.w3.org/2000/01/rdf-schema#Class,,annualCycles,,,,
2021-01-08T20:57:31-06:00,annualCycles,http://rs.tdwg.org/plic/terms/,2021-01-08,2021-01-08,,,,,Annual Cycle,"Set of changes or events that recurrently take place at the same time of year and are influenced by seasonal and interannual climate variations. Also called phenology, mainly in plants. In the case of migration, it only makes reference to the timing; other data about this are gathered in MigratoryClass.",,"For example: reproduction, flowering, fruiting, emergence of insects, etc.
",http://www.w3.org/2000/01/rdf-schema#Class,,NaturalHistory,,,,
2021-01-08T20:57:31-06:00,annualCycleUnstructured,http://rs.tdwg.org/plic/terms/,2021-01-08,2021-01-08,,,,,Unstructured Annual Cycle,"AnnualCyles element in text block format.
",,,http://www.w3.org/1999/02/22-rdf-syntax-ns#Property,,annualCycles,,,,
2021-01-08T20:57:31-06:00,startTimeInterval,http://rs.tdwg.org/plic/terms/,2021-01-08,2021-01-08,,,,,Start Time Interval,"The date-time or interval at which an event starts. Recommended best practice is to use an encoding scheme, such as ISO 8601:2004(E).

A controlled vocabulary is recommended.",,"e.g. ""1963-03-08T14:07-0600"" is 8 Mar 1963 2:07pm in the time zone six hours earlier than UTC, ""2009-02-20T08:40Z"" is 20 Feb 2009 8:40am UTC, ""1809-02-12"" is 12 Feb 1809, ""1906-06"" is Jun 1906, ""1971"" is just that year, ""2007-03-01T13:00:00Z/2008-05-11T15:30:00Z"" is the interval between 1 Mar 2007 1pm UTC and 11 May 2008 3:30pm UTC, ""2007-11-13/15"" is the interval between 13 Nov 2007 and 15 Nov 2007.",http://www.w3.org/1999/02/22-rdf-syntax-ns#Property,,annualCycles,,,"Agregado hace parte de annualCycle, insonsistencia uso mayúsculas minúsculas",
2021-01-08T20:57:31-06:00,endTimeInterval ,http://rs.tdwg.org/plic/terms/,2021-01-08,2021-01-08,,,,,End Time Interval,"The date-time or interval at which an event ends. Recommended best practice is to use an encoding scheme, such as ISO 8601:2004(E).

A controlled vocabulary is recommended.",,"e.g. ""1963-03-08T14:07-0600"" is 8 Mar 1963 2:07pm in the time zone six hours earlier than UTC, ""2009-02-20T08:40Z"" is 20 Feb 2009 8:40am UTC, ""1809-02-12"" is 12 Feb 1809, ""1906-06"" is Jun 1906, ""1971"" is just that year, ""2007-03-01T13:00:00Z/2008-05-11T15:30:00Z"" is the interval between 1 Mar 2007 1pm UTC and 11 May 2008 3:30pm UTC, ""2007-11-13/15"" is the interval between 13 Nov 2007 and 15 Nov 2007.",http://www.w3.org/1999/02/22-rdf-syntax-ns#Property,,annualCycles,,,"Agregado hace parte de annualCycle, insonsistencia uso mayúsculas minúsculas",
2021-01-08T20:57:31-06:00,Event,http://rs.tdwg.org/plic/terms/,2021-01-08,2021-01-08,,,,,Event,"An action that occurs at some location during some time.

A controlled vocabulary is recommended.",,,http://www.w3.org/1999/02/22-rdf-syntax-ns#Property,,annualCycles,,,Agregado hace parte de annualCycle,
2021-01-08T20:57:31-06:00,"geographicEntity
",http://rs.tdwg.org/plic/terms/,2021-01-08,2021-01-08,,,,,Geographic Entity,"
Name of the geographic entity. A controlled vocabulary --as specified in the Catalogue element-- is recommended.
",,"
e.g. Spain; Aguascalientas; Alabama; Ambon
",http://www.w3.org/1999/02/22-rdf-syntax-ns#Property,,DistributionAtomized,,,,
2021-01-08T20:57:31-06:00,Audience,http://rs.tdwg.org/plic/terms/,2021-01-08,2021-01-08,,,,,Audience,Repetitive concept where the target audiences are written one by one.,,Predetermined list: 01. Expert (High). 02. Knowledgeable (Medium). 03. General (Low).,http://www.w3.org/2004/02/skos/core#ConceptScheme,,TargetAudiences,,,Target Audience en RecordMetadataType tiene otros valores diferentes,
2021-01-08T20:57:31-06:00,Audience01,http://rs.tdwg.org/plic/terms/,2021-01-08,2021-01-08,,,,,Expert,"Professionals on Biodiversity (researchers, decision makers, students of higher levels, etc.). By training and experience they have a good knowledge of scientific terminology and taxonomic and nomenclatural issues.",,,http://www.w3.org/2004/02/skos/core#Concept,Expert,,Audience,,,
2021-01-08T20:57:31-06:00,Audience02,http://rs.tdwg.org/plic/terms/,2021-01-08,2021-01-08,,,,,Knowledgeable,"Public interest in the knowledge of living organisms but whose training and experience is not directly linked to knowledge of biodiversity, or to be enjoined, their training has not been directly related to biodiversity (professionals from other areas of knowledge, students, amateurs, etc.). Your level of interest is high but not usually use and know the terminology, taxonomy and scientific nomenclature",,,http://www.w3.org/2004/02/skos/core#Concept,Knowledgeable,,Audience,,,
2021-01-08T20:57:31-06:00,Audience03,http://rs.tdwg.org/plic/terms/,2021-01-08,2021-01-08,,,,,General,"General Public (anyone interested in living organisms). Persons interested on biodiversity, frequently or timely, but lack the training, expertise or basic knowledge on terminology, taxonomy or scientific nomenclature",,,http://www.w3.org/2004/02/skos/core#Concept,General,,Audience,,,
2021-01-08T20:57:31-06:00,audiencesUnstructured,http://rs.tdwg.org/plic/terms/,2021-01-08,2021-01-08,,,,,Unstructured Audiences,List audience codes separated by means of comma or /.,,,http://www.w3.org/1999/02/22-rdf-syntax-ns#Property,,Audience,,,,
2021-01-08T20:57:31-06:00,BaseElements,http://rs.tdwg.org/plic/terms/,2021-01-08,2021-01-08,,,,,Base Elements,Basic information to identify the record.,,,http://www.w3.org/2000/01/rdf-schema#Class,,TaxonRecord,,,,
2021-01-08T20:57:31-06:00,behavior,http://rs.tdwg.org/plic/terms/,2021-01-08,2021-01-08,,,,,Behavior,"Responses, reactions or movements made by an organism in a particular situation.",,,http://www.w3.org/2000/01/rdf-schema#Class,,NaturalHistory,,,MorF,
2021-01-08T20:57:31-06:00,behaviorAtomized,http://rs.tdwg.org/plic/terms/,2021-01-08,2021-01-08,,,,,Atomized Behavior,"Responses, reactions or movements made by an organism in a particular situation.

",,,http://www.w3.org/1999/02/22-rdf-syntax-ns#Property,,NaturalHistory,,,,
2021-01-08T20:57:31-06:00,behaviorUnstructured,http://rs.tdwg.org/plic/terms/,2021-01-08,2021-01-08,,,,,Unstructured Behavior,"Responses, reactions or movements made by an organism in a particular situation.

",,,http://www.w3.org/1999/02/22-rdf-syntax-ns#Property,,NaturalHistory,,,,
2021-01-08T20:57:31-06:00,briefDescription,http://rs.tdwg.org/plic/terms/,2021-01-08,2021-01-08,,,,,Brief Description,"Brief description which reflect only the diagnostic characters, i.e. those that distinguish a taxon from other related or close taxa.",,,http://www.w3.org/1999/02/22-rdf-syntax-ns#Property,,TaxonomicDescription,,,,
2021-01-08T20:57:31-06:00,commonNamesAtomized,http://rs.tdwg.org/plic/terms/,2021-01-08,2021-01-08,,,,,Atomized Common Names,"commonNames element in structured format.

",,,http://www.w3.org/1999/02/22-rdf-syntax-ns#Property,,CommonNames,,,,
2021-01-08T20:57:31-06:00,commonNames,http://rs.tdwg.org/plic/terms/,2021-01-08,2021-01-08,,,,,Common Names,"The name of the common name.
",,,http://www.w3.org/1999/02/22-rdf-syntax-ns#Property,,CommonNames,,,,
2021-01-08T20:57:31-06:00,Name,http://rs.tdwg.org/plic/terms/,2021-01-08,2021-01-08,,,,,Name,"The name of the common name.
",,,http://www.w3.org/1999/02/22-rdf-syntax-ns#Property,,CommonNames,,,,
2021-01-08T20:57:31-06:00,Language,http://rs.tdwg.org/plic/terms/,2021-01-08,2021-01-08,,,,,Language,"Language used to write the species information, ISO 639-2 according to GBIF Metadata Profile.

",,,"http://www.w3.org/1999/02/22-rdf-syntax-ns#Property
",,CommonNames,,,,
2021-01-08T20:57:31-06:00,UsedIn,http://rs.tdwg.org/plic/terms/,2021-01-08,2021-01-08,,,,,Used In,"Location where de common name is used.

",,,"http://www.w3.org/1999/02/22-rdf-syntax-ns#Property
",,CommonNames,,,,
2021-01-08T20:57:31-06:00,UsedBy,http://rs.tdwg.org/plic/terms/,2021-01-08,2021-01-08,,,,,Used By,"Sometimes names used by one group of people are adopted by another.

",,,"http://www.w3.org/1999/02/22-rdf-syntax-ns#Property


",,CommonNames,,,,
2021-01-08T20:57:31-06:00,demographyAndThreat,http://rs.tdwg.org/plic/terms/,2021-01-08,2021-01-08,,,,,Demography And Threat,"Information concerning the demographic aspects of the species, as well as the conservation status",,,http://www.w3.org/1999/02/22-rdf-syntax-ns#Property,,TaxonRecord,,,,
2021-01-08T20:57:31-06:00,demographyAndThreatUnstructured,http://rs.tdwg.org/plic/terms/,2021-01-08,2021-01-08,,,,,Unstructured Demography And Threat,"demographyAndThreat element in unstructured format.
",,,http://www.w3.org/1999/02/22-rdf-syntax-ns#Property,,DemographyandThreat,,,,
2021-01-08T20:57:31-06:00,detailAtomized,http://rs.tdwg.org/plic/terms/,2021-01-08,2021-01-08,,,,,Atomized Detail,MiscDetail element in structured format ,,,http://www.w3.org/1999/02/22-rdf-syntax-ns#Property,,NomenclatureandClassification,,,,
2021-01-08T20:57:31-06:00,detailUnstructured,http://rs.tdwg.org/plic/terms/,2021-01-08,2021-01-08,,,,,Detail Unstructured,MiscDetail element in text block format.,,,http://www.w3.org/1999/02/22-rdf-syntax-ns#Property,,MiscDetails,,,,
2021-01-08T20:57:31-06:00,directThreats,http://rs.tdwg.org/plic/terms/,2021-01-08,2021-01-08,,,,,Direct Threats,"Direct threats are the proximate human activities or processes that have caused, are causing, or may cause the destruction, degradation, and/or impairment of biodiversity targets. Direct threats are synonymous with sources of stress and proximate pressures.",,"Examples: unsustainable fishing or logging. Threats can be past (historical), ongoing, and/or likely to occur in the future.",http://www.w3.org/2000/01/rdf-schema#Class,,ThreatStatus,,,,
2021-01-08T20:57:31-06:00,directThreatAtomized,http://rs.tdwg.org/plic/terms/,2021-01-08,2021-01-08,,,,,Atomized Direct Threat,"directThreats element in structured format.
",,,http://www.w3.org/2000/01/rdf-schema#Class,,ThreatStatus,MeasurementOrFact ,,,
2021-01-08T20:57:31-06:00,directThreatUnstructured,http://rs.tdwg.org/plic/terms/,2021-01-08,2021-01-08,,,,,Unstructured Direct Threat,directThreats element in text block format.,,,http://www.w3.org/1999/02/22-rdf-syntax-ns#Property,,ThreatStatus,,,,
2021-01-08T20:57:31-06:00,dispersal,http://rs.tdwg.org/plic/terms/,2021-01-08,2021-01-08,,,,,Dispersal,"The permanent spreading of individuals away from each other not including return. Dispersal determines the range over which genetic mixing occurs, and thus, the degree of homogeneity and inbreeding in a population",,,http://www.w3.org/2000/01/rdf-schema#Class,,NaturalHistory,,,,
2021-01-08T20:57:31-06:00,DispersalAtomized,http://rs.tdwg.org/plic/terms/,2021-01-08,2021-01-08,,,,,Atomized Dispersal,Dispersal element in structured format,,,http://www.w3.org/1999/02/22-rdf-syntax-ns#Property,,Dispersal,,,,
2021-01-08T20:57:31-06:00,DispersalUnstructured,http://rs.tdwg.org/plic/terms/,2021-01-08,2021-01-08,,,,,Unstructured Dispersal,Dispersal element in text block format,,,http://www.w3.org/1999/02/22-rdf-syntax-ns#Property,,Dispersal,,,,
2021-01-08T20:57:31-06:00,Purpose,http://rs.tdwg.org/plic/terms/,2021-01-08,2021-01-08,,,,,Purpose,Makes reference to any data being measured,,,http://www.w3.org/1999/02/22-rdf-syntax-ns#Property,,DispersalAtomized,,,Agregado hace parte de Dispersal,De tipo MeasurementOrFactClass
2021-01-08T20:57:31-06:00,Type,http://rs.tdwg.org/plic/terms/,2021-01-08,2021-01-08,,,,,Type,"VCR. Zoochory, Anemochory, Hydrochory, Barochory, Autochory",,"Type of dispersal, a controlled vocabulary is recommended.","http://www.w3.org/2004/02/skos/core#ConceptScheme
",,DispersalAtomized,,,Agregado hace parte de Dispersal,
2021-01-08T20:57:31-06:00,Type01,http://rs.tdwg.org/plic/terms/,2021-01-08,2021-01-08,,,,,Zoochory,Zoochory,,,http://www.w3.org/2004/02/skos/core#Concept,Zoochory,,Type,,,
2021-01-08T20:57:31-06:00,Type02,http://rs.tdwg.org/plic/terms/,2021-01-08,2021-01-08,,,,,Anemochory,Anemochory,,,http://www.w3.org/2004/02/skos/core#Concept,Anemochory,,Type,,,
2021-01-08T20:57:31-06:00,Type03,http://rs.tdwg.org/plic/terms/,2021-01-08,2021-01-08,,,,,Hydrochory,Hydrochory,,,http://www.w3.org/2004/02/skos/core#Concept,Hydrochory,,Type,,,
2021-01-08T20:57:31-06:00,Type04,http://rs.tdwg.org/plic/terms/,2021-01-08,2021-01-08,,,,,Barochory,Barochory,,,http://www.w3.org/2004/02/skos/core#Concept,Barochory,,Type,,,
2021-01-08T20:57:31-06:00,Type05,http://rs.tdwg.org/plic/terms/,2021-01-08,2021-01-08,,,,,Autochory,Autochory,,,http://www.w3.org/2004/02/skos/core#Concept,Autochory,,Type,,,
2021-01-08T20:57:31-06:00,StructureDispersed,http://rs.tdwg.org/plic/terms/,2021-01-08,2021-01-08,,,,,Structure Dispersed ,"VCR: Seed, Fruit, Vegetative structure, Spores, Gametes, Eggs, Offspring and Individuals",,"Structured that is dispersed for a given biologial propuse, a controlled vocabulary is recommended.","http://www.w3.org/2004/02/skos/core#ConceptScheme
",,DispersalAtomized,,,Agregado hace parte de Dispersal,
2021-01-08T20:57:31-06:00,StructureDispersed01,http://rs.tdwg.org/plic/terms/,2021-01-08,2021-01-08,,,,,Seed,Seed,,,http://www.w3.org/2004/02/skos/core#Concept,Seed,,StructureDispersed,,,
2021-01-08T20:57:31-06:00,StructureDispersed02,http://rs.tdwg.org/plic/terms/,2021-01-08,2021-01-08,,,,,Fruit,Fruit,,,http://www.w3.org/2004/02/skos/core#Concept,Fruit,,StructureDispersed,,,
2021-01-08T20:57:31-06:00,StructureDispersed03,http://rs.tdwg.org/plic/terms/,2021-01-08,2021-01-08,,,,,Vegetative Structure,Vegetative Structure,,,http://www.w3.org/2004/02/skos/core#Concept,Vegetative_structure,,StructureDispersed,,,
2021-01-08T20:57:31-06:00,StructureDispersed04,http://rs.tdwg.org/plic/terms/,2021-01-08,2021-01-08,,,,,Spores,Spores,,,http://www.w3.org/2004/02/skos/core#Concept,Spores,,StructureDispersed,,,
2021-01-08T20:57:31-06:00,StructureDispersed05,http://rs.tdwg.org/plic/terms/,2021-01-08,2021-01-08,,,,,Gametes,Gametes,,,http://www.w3.org/2004/02/skos/core#Concept,Gametes,,StructureDispersed,,,
2021-01-08T20:57:31-06:00,StructureDispersed06,http://rs.tdwg.org/plic/terms/,2021-01-08,2021-01-08,,,,,Eggs,Eggs,,,http://www.w3.org/2004/02/skos/core#Concept,Eggs,,StructureDispersed,,,
2021-01-08T20:57:31-06:00,StructureDispersed07,http://rs.tdwg.org/plic/terms/,2021-01-08,2021-01-08,,,,,Offspring,Offspring,,,http://www.w3.org/2004/02/skos/core#Concept,Offspring,,StructureDispersed,,,
2021-01-08T20:57:31-06:00,StructureDispersed08,http://rs.tdwg.org/plic/terms/,2021-01-08,2021-01-08,,,,,Individuals,Individuals,,,http://www.w3.org/2004/02/skos/core#Concept,Individuals,,StructureDispersed,,,
2021-01-08T20:57:31-06:00,Distance,http://rs.tdwg.org/plic/terms/,2021-01-08,2021-01-08,,,,,Distance,Dispersal distance. e.g. 450 m,,The distance reached by the structured dispersed.,"http://www.w3.org/1999/02/22-rdf-syntax-ns#Property
",,DispersalAtomized,,,Agregado hace parte de Dispersal,"de tipo MeasurementOrFactClass
"
2021-01-08T20:57:31-06:00,Distribution,http://rs.tdwg.org/plic/terms/,2021-01-08,2021-01-08,,,,,Distribution,"Species geographical distribution.

",,,http://www.w3.org/1999/02/22-rdf-syntax-ns#Property,,HabitatAndDistributionType,,,,
2021-01-08T20:57:31-06:00,DistributionUnstructured,http://rs.tdwg.org/plic/terms/,2021-01-08,2021-01-08,,,,,Unstructured Distribution,Distribution element in text block format,,,http://www.w3.org/1999/02/22-rdf-syntax-ns#Property,,Distribution,,,,
2021-01-08T20:57:31-06:00,DistributionAtomized,http://rs.tdwg.org/plic/terms/,2021-01-08,2021-01-08,,,,,Atomized Distribution,Distribution element in structured format,,,http://www.w3.org/1999/02/22-rdf-syntax-ns#Property,,Distribution,,,Reorganizado,
2021-01-08T20:57:31-06:00,DistributionType,http://rs.tdwg.org/plic/terms/,2021-01-08,2021-01-08,,,,,Distribution Type,"Information about the distribution of the species based on the studied specimens collection sites data.

",,,"http://www.w3.org/2000/01/rdf-schema#Class
",,DistributionAtomized,,,Agregado hace parte de Dispersal,
2021-01-08T20:57:31-06:00,DistributionScope,http://rs.tdwg.org/plic/terms/,2021-01-08,2021-01-08,,,,,Distribution Scope,List of regions structured and categorized.,"
","A controlled vocabulary is recommended.
e.g. Historical, Current, Restricted and Wide.
","http://www.w3.org/2000/01/rdf-schema#Class


",,Distribution,,,Agregado hace parte de Dispersal,
2021-01-08T20:57:31-06:00,DistributionScopeType,http://rs.tdwg.org/plic/terms/,2021-01-08,2021-01-08,,,,,Distribution Scope Type,"A controlled vocabulary is recommended. VCR: Historical, Current, Restricted and Wide.
",,"XXXXX, a controlled vocabulary is recommended.","http://www.w3.org/2000/01/rdf-schema#Class

",,Distribution,,,Agregado hace parte de Dispersal,
2021-01-08T20:57:31-06:00,temporalCoverage,http://rs.tdwg.org/plic/terms/,2021-01-08,2021-01-08,,,,,Temporal Coverage,"This field specifies temporal coverage of the distribution, and allows coverages to be a single point in time, multiple points in time, or a range of dates.",,,http://www.w3.org/1999/02/22-rdf-syntax-ns#Property,,Distribution,,,Agregado hace parte de Dispersal,
2021-01-08T20:57:31-06:00,GeographicEntity,http://rs.tdwg.org/plic/terms/,2021-01-08,2021-01-08,,,,,Geographic Entity,Name of the geographic entity. ,,"A controlled vocabulary --as specified in the Catalogue element-- is recommended.
e.g. Spain; Aguascalientas; Alabama; Ambon","http://www.w3.org/1999/02/22-rdf-syntax-ns#Property
",,DistributionAtomized,,,Agregado hace parte de Dispersal,
2021-01-08T20:57:31-06:00,country,http://rs.tdwg.org/plic/terms/,2021-01-08,2021-01-08,,,,,Country,"The name of the country or major administrative unit in which the Location occurs.
",,"It is recommended to use a controlled vocabulary such as the Getty Thesaurus of Geographic Names.
","http://www.w3.org/1999/02/22-rdf-syntax-ns#Property

",,DistributionAtomized,,,Agregado hace parte de Dispersal,
2021-01-08T20:57:31-06:00,stateProvince,http://rs.tdwg.org/plic/terms/,2021-01-08,2021-01-08,,,,,State Province ,"The name of the next smaller administrative region than country (state, 
province, canton, department, region, etc.) in which the Location 
occurs.",,,"http://www.w3.org/1999/02/22-rdf-syntax-ns#Property

",,DistributionAtomized,,,Agregado hace parte de Dispersal,
2021-01-08T20:57:31-06:00,county,http://rs.tdwg.org/plic/terms/,2021-01-08,2021-01-08,,,,,County,"The full, unabbreviated name of the next smaller administrative region 
than stateProvince (county, shire, department, etc.) in which the 
Location occurs.",,,"http://www.w3.org/1999/02/22-rdf-syntax-ns#Property

",,DistributionAtomized,,,Agregado hace parte de Dispersal,
2021-01-08T20:57:31-06:00,municipality,http://rs.tdwg.org/plic/terms/,2021-01-08,2021-01-08,,,,,Municipality ,"The full, unabbreviated name of the next smaller administrative region than county (city, municipality, etc.) in which the Location occurs. Do not use this term for a nearby named place that does not contain the actual location.
",,,"http://www.w3.org/1999/02/22-rdf-syntax-ns#Property

",,DistributionAtomized,,,Agregado hace parte de Dispersal,
2021-01-08T20:57:31-06:00,locality,http://rs.tdwg.org/plic/terms/,2021-01-08,2021-01-08,,,,,Locality,"The specific description of the place. Less specific geographic information can be provided in other geographic terms (higherGeography, continent, country, stateProvince, county, municipality, waterBody, island, islandGroup). This term may contain information modified from the original to correct perceived errors or standardize the description.
",,,"http://www.w3.org/1999/02/22-rdf-syntax-ns#Property

",,DistributionAtomized,,,Agregado hace parte de Dispersal,
2021-01-08T20:57:31-06:00,ecologicalSignificance,http://rs.tdwg.org/plic/terms/,2021-01-08,2021-01-08,,,,,Ecological Significance,Ecological importance of the taxon. (Placeholder),,,http://www.w3.org/2000/01/rdf-schema#Class,,NaturalHistory ,,,,
2021-01-08T20:57:31-06:00,ecologicalSignificanceAtomized,http://rs.tdwg.org/plic/terms/,2021-01-08,2021-01-08,,,,,Atomized Ecological Significance,Ecological Significance element in structured format.,,,http://www.w3.org/1999/02/22-rdf-syntax-ns#Property,,EcologicalSignificance,,,MorF,
2021-01-08T20:57:31-06:00,ecologicalSignificanceUnstructured,http://rs.tdwg.org/plic/terms/,2021-01-08,2021-01-08,,,,,Unstructured Ecological Significance,Ecological Significance element in text block format.,,,http://www.w3.org/1999/02/22-rdf-syntax-ns#Property,,EcologicalSignificance,,,,
2021-01-08T20:57:31-06:00,endemic,http://rs.tdwg.org/plic/terms/,2021-01-08,2021-01-08,,,,,Endemic,Ecological importance of the taxon. (Placeholder),,,http://www.w3.org/2000/01/rdf-schema#Class,,Habitat and Distribution,,,,
2021-01-08T20:57:31-06:00,endemicAtomized,http://rs.tdwg.org/plic/terms/,2021-01-08,2021-01-08,,,,,Atomized Endemic,List of areas structured and categorized by territories in which the endemic species appears (EndemicTo) in relation to a wider area (EndemicIn) given as geographical context.,,,http://www.w3.org/1999/02/22-rdf-syntax-ns#Property,,EndemicType,,,,
2021-01-08T20:57:31-06:00,EndemicTo,http://rs.tdwg.org/plic/terms/,2021-01-08,2021-01-08,,,,,Endemic To,A territory in which an endemic species appear. A controlled vocabulary is recommended. The term may go from local to above-country levels.,,"Examples: Giant panda (Ailuropoda melanoleuca (David, 1869) endemic to China. Quetzal Resplendent (Pharomachrus mocinno de la Llave, 1832) endemic to Mexico, Guatemala, Honduras, El Salvador, Nicaragua, Costa Rica and Panama.",http://www.w3.org/1999/02/22-rdf-syntax-ns#Property,,EndemicType,,,"Agregado, inconsistensi entre xsd y wiki endemicType/endemicTO",
2021-01-08T20:57:31-06:00,EndemicIn,http://rs.tdwg.org/plic/terms/,2021-01-08,2021-01-08,,,,,Endemic In,The area that works as a context for specifying endemic areas of a species. A controlled vocabulary is recommended. The term may go from local to above-country levels.,,"If not specified, the Earth as a whole is assumed as the geographical context. Examples:  Vicuña (Vicugna vicugna Molina, 1782) endemic to the Andean region **in South America**. Manzanilla Real (Artemisia granatensis Boiss.) endemic in the peaks of Sierra Nevada (**in Spain**).",http://www.w3.org/1999/02/22-rdf-syntax-ns#Property,,EndemicType,,,Agregado,
2021-01-08T20:57:31-06:00,endemicUnstructured,http://rs.tdwg.org/plic/terms/,2021-01-08,2021-01-08,,,,,Unstructured Endemic,Information on the endemicity of a species as a text block.,,,http://www.w3.org/1999/02/22-rdf-syntax-ns#Property,,EndemicType,,,Reorganizado,
2021-01-08T20:57:31-06:00,environmentalEnvelope,http://rs.tdwg.org/plic/terms/,2021-01-08,2021-01-08,,,,,Environmental Envelope,"Set of environmental conditions within which it is believed that the species can persist; that is, where its environmental requirements can be satisfied",,,http://www.w3.org/2000/01/rdf-schema#Class,,NaturalHistory ,,,,
2021-01-08T20:57:31-06:00,environmentalEnvelopeAtomized,http://rs.tdwg.org/plic/terms/,2021-01-08,2021-01-08,,,,,Atomized Environmental Envelope,Environmental envelope of a species expressed as an enumeration of measures and parameters.,,,http://www.w3.org/1999/02/22-rdf-syntax-ns#Property,,EnvironmentalEnvelopeType,MeasurementOrFact ,,,
2021-01-08T20:57:31-06:00,environmentalEnvelopeUnstructured,http://rs.tdwg.org/plic/terms/,2021-01-08,2021-01-08,,,,,Unstructured Environmental Envelope,environmentalEnvelopeas a a text block,,,http://www.w3.org/1999/02/22-rdf-syntax-ns#Property,,EnvironmentalEnvelopeType,,,,
2021-01-08T20:57:31-06:00,feeding,http://rs.tdwg.org/plic/terms/,2021-01-08,2021-01-08,,,,,Feeding,Information related to the food supply for the development and sustenance of the individual and/or its offspring.,,,http://www.w3.org/2000/01/rdf-schema#Class,,NaturalHistory ,,,,
2021-01-08T20:57:31-06:00,feedingAtomized,http://rs.tdwg.org/plic/terms/,2021-01-08,2021-01-08,,,,,Atomized Feeding,feeding elemento in structured format,,,http://www.w3.org/1999/02/22-rdf-syntax-ns#Property,,FeedingType,,,,
2021-01-08T20:57:31-06:00,feedingUnstructured,http://rs.tdwg.org/plic/terms/,2021-01-08,2021-01-08,,,,,Unstructured Feeding,feeding element in text block format,,,http://www.w3.org/1999/02/22-rdf-syntax-ns#Property,,FeedingType,,,,
2021-01-08T20:57:31-06:00,Type,http://rs.tdwg.org/plic/terms/,2021-01-08,2021-01-08,,,,,Type,Primary diet source. A controlled vocabulary is recommended.,,,http://www.w3.org/1999/02/22-rdf-syntax-ns#Property,,DispersalAtomized,,,"Agregado hace parte de Feeding, inconsistencia en github con los nombres de los elemento unos incluyen feeding antes de el nombre específico, otros no",
2021-01-08T20:57:31-06:00,Strategy,http://rs.tdwg.org/plic/terms/,2021-01-08,2021-01-08,,,,,Trophic Strategy,"Tactic used to obtain energy or nutrients. A controlled vocabulary is 
recommended. e.g. Chemosynthetic organisms,Photosynthetic 
organisms,Parasites,Decomposers,Suspension feeders,Substrate feeders, 
Grazers,Fluid-feeders,Predators...",,,http://www.w3.org/2004/02/skos/core#ConceptScheme,,Trophic,,,"Agregado hace parte de Feeding, inconsistencia en github con los nombres de los elemento unos incluyen feeding antes de el nombre específico, otros no",
2021-01-08T20:57:31-06:00,Strategy01,http://rs.tdwg.org/plic/terms/,2021-01-08,2021-01-08,,,,,Chemosynthetic,Chemosynthetic,,,http://www.w3.org/2004/02/skos/core#Concept,Chemosynthetic,,Strategy,,,
2021-01-08T20:57:31-06:00,Strategy02,http://rs.tdwg.org/plic/terms/,2021-01-08,2021-01-08,,,,,Photosynthetic,Photosynthetic,,,http://www.w3.org/2004/02/skos/core#Concept,Photosynthetic,,Strategy,,,
2021-01-08T20:57:31-06:00,Strategy03,http://rs.tdwg.org/plic/terms/,2021-01-08,2021-01-08,,,,,Vermin,Vermin,,,http://www.w3.org/2004/02/skos/core#Concept,Vermin,,Strategy,,,
2021-01-08T20:57:31-06:00,Strategy04,http://rs.tdwg.org/plic/terms/,2021-01-08,2021-01-08,,,,,Decomposers,Decomposers,,,http://www.w3.org/2004/02/skos/core#Concept,Decomposers,,Strategy,,,
2021-01-08T20:57:31-06:00,Strategy05,http://rs.tdwg.org/plic/terms/,2021-01-08,2021-01-08,,,,,Filter Feeders,Filter Feeders,,,http://www.w3.org/2004/02/skos/core#Concept,FilterFeeders,,Strategy,,,
2021-01-08T20:57:31-06:00,Strategy06,http://rs.tdwg.org/plic/terms/,2021-01-08,2021-01-08,,,,,Sedimentivorous,Sedimentivorous,,,http://www.w3.org/2004/02/skos/core#Concept,Sedimentivorous,,Strategy,,,
2021-01-08T20:57:31-06:00,Strategy07,http://rs.tdwg.org/plic/terms/,2021-01-08,2021-01-08,,,,,Borers,Borers,,,http://www.w3.org/2004/02/skos/core#Concept,Borers,,Strategy,,,
2021-01-08T20:57:31-06:00,Strategy08,http://rs.tdwg.org/plic/terms/,2021-01-08,2021-01-08,,,,,Foragers,Foragers,,,http://www.w3.org/2004/02/skos/core#Concept,Foragers,,Strategy,,,
2021-01-08T20:57:31-06:00,Strategy09,http://rs.tdwg.org/plic/terms/,2021-01-08,2021-01-08,,,,,Fluidophagous,Fluidophagous,,,http://www.w3.org/2004/02/skos/core#Concept,Fluidophagous,,Strategy,,,
2021-01-08T20:57:31-06:00,StrategyRemarks,http://rs.tdwg.org/plic/terms/,2021-01-08,2021-01-08,,,,,Trophic Strategy Remarks,Information notes about specific feeding strategies.,,,http://www.w3.org/2004/02/skos/core#ConceptScheme,,Trophic,,,"Agregado hace parte de Feeding, inconsistencia en github con los nombres de los elemento unos incluyen feeding antes de el nombre específico, otros no",
2021-01-08T20:57:31-06:00,StrategyRemarks01,http://rs.tdwg.org/plic/terms/,2021-01-08,2021-01-08,,,,,Autotrophs,Autotrophs,,,http://www.w3.org/2004/02/skos/core#Concept,Autotrophs,,StrategyRemarks,,,
2021-01-08T20:57:31-06:00,StrategyRemarks02,http://rs.tdwg.org/plic/terms/,2021-01-08,2021-01-08,,,,,Palynivore,Palynivore,,,http://www.w3.org/2004/02/skos/core#Concept,Palynivore,,StrategyRemarks,,,
2021-01-08T20:57:31-06:00,StrategyRemarks03,http://rs.tdwg.org/plic/terms/,2021-01-08,2021-01-08,,,,,Nectarivore,Nectarivore,,,http://www.w3.org/2004/02/skos/core#Concept,Nectarivore,,StrategyRemarks,,,
2021-01-08T20:57:31-06:00,StrategyRemarks04,http://rs.tdwg.org/plic/terms/,2021-01-08,2021-01-08,,,,,Granivore,Granivore,,,http://www.w3.org/2004/02/skos/core#Concept,Granivore,,StrategyRemarks,,,
2021-01-08T20:57:31-06:00,StrategyRemarks05,http://rs.tdwg.org/plic/terms/,2021-01-08,2021-01-08,,,,,Frugivore,Frugivore,,,http://www.w3.org/2004/02/skos/core#Concept,Frugivore,,StrategyRemarks,,,
2021-01-08T20:57:31-06:00,StrategyRemarks06,http://rs.tdwg.org/plic/terms/,2021-01-08,2021-01-08,,,,,Rhizophagus,Rhizophagus,,,http://www.w3.org/2004/02/skos/core#Concept,Rhizophagus,,StrategyRemarks,,,
2021-01-08T20:57:31-06:00,StrategyRemarks07,http://rs.tdwg.org/plic/terms/,2021-01-08,2021-01-08,,,,,Hematophagy,Hematophagy,,,http://www.w3.org/2004/02/skos/core#Concept,Hematophagy,,StrategyRemarks,,,
2021-01-08T20:57:31-06:00,StrategyRemarks08,http://rs.tdwg.org/plic/terms/,2021-01-08,2021-01-08,,,,,Insectivore,Insectivore,,,http://www.w3.org/2004/02/skos/core#Concept,Insectivore,,StrategyRemarks,,,
2021-01-08T20:57:31-06:00,StrategyRemarks09,http://rs.tdwg.org/plic/terms/,2021-01-08,2021-01-08,,,,,Piscivore,Piscivore,,,http://www.w3.org/2004/02/skos/core#Concept,Piscivore,,StrategyRemarks,,,
2021-01-08T20:57:31-06:00,StrategyRemarks10,http://rs.tdwg.org/plic/terms/,2021-01-08,2021-01-08,,,,,Oophagy,Oophagy,,,http://www.w3.org/2004/02/skos/core#Concept,Oophagy,,StrategyRemarks,,,
2021-01-08T20:57:31-06:00,StrategyRemarks11,http://rs.tdwg.org/plic/terms/,2021-01-08,2021-01-08,,,,,Omnivore,Omnivore,,,http://www.w3.org/2004/02/skos/core#Concept,Omnivore,,StrategyRemarks,,,
2021-01-08T20:57:31-06:00,StrategyRemarks12,http://rs.tdwg.org/plic/terms/,2021-01-08,2021-01-08,,,,,Scavenger,Scavenger,,,http://www.w3.org/2004/02/skos/core#Concept,Scavenger,,StrategyRemarks,,,
2021-01-08T20:57:31-06:00,StrategyRemarks13,http://rs.tdwg.org/plic/terms/,2021-01-08,2021-01-08,,,,,Saprophagous,Saprophagous,,,http://www.w3.org/2004/02/skos/core#Concept,Saprophagous,,StrategyRemarks,,,
2021-01-08T20:57:31-06:00,StrategyRemarks14,http://rs.tdwg.org/plic/terms/,2021-01-08,2021-01-08,,,,,Detritivore,Detritivore,,,http://www.w3.org/2004/02/skos/core#Concept,Detritivore,,StrategyRemarks,,,
2021-01-08T20:57:31-06:00,fullDescription,http://rs.tdwg.org/plic/terms/,2021-01-08,2021-01-08,,,,,Full Description,"Complete and detailed account of the taxonomic and systematic characters, i.e. those that define and allow to recognize an organism.",,,http://www.w3.org/2000/01/rdf-schema#Class,,TaxonomicDescription,,,,
2021-01-08T20:57:31-06:00,fullDescriptionAtomized,http://rs.tdwg.org/plic/terms/,2021-01-08,2021-01-08,,,,,Atomized Full Description,fullDescription element in structured format,,,http://www.w3.org/1999/02/22-rdf-syntax-ns#Property,,fullDescription,,,,
2021-01-08T20:57:31-06:00,fullDescriptionUnstructured,http://rs.tdwg.org/plic/terms/,2021-01-08,2021-01-08,,,,,Unstructured Full Description,fullDescription element in text block format,,,http://www.w3.org/1999/02/22-rdf-syntax-ns#Property,,fullDescription,,,,
2021-01-08T20:57:31-06:00,habitatAtomized,http://rs.tdwg.org/plic/terms/,2021-01-08,2021-01-08,,,,,Atomized Habitat,habitatAndDistribution element in structured format,,,http://www.w3.org/1999/02/22-rdf-syntax-ns#Property,,EndemicUnstructured ,,,,
2021-01-08T20:57:31-06:00,habitatAndDistribution,http://rs.tdwg.org/plic/terms/,2021-01-08,2021-01-08,,,,,Habitat And Distribution,Distribution of the species,,,http://www.w3.org/2000/01/rdf-schema#Class,,TaxonRecord,,,,
2021-01-08T20:57:31-06:00,habitatAndDistributionUnstructured,http://rs.tdwg.org/plic/terms/,2021-01-08,2021-01-08,,,,,Unstructured Habitat And Distribution,habitatAndDistribution element in text block format,,,http://www.w3.org/1999/02/22-rdf-syntax-ns#Property,,EndemicUnstructured ,,,,
2021-01-08T20:57:31-06:00,habitats,http://rs.tdwg.org/plic/terms/,2021-01-08,2021-01-08,,,,,Habitats,"General description of the sites where the species is found (ecosystem, environment or microhabitat).",,,http://www.w3.org/2000/01/rdf-schema#Class,,HabitatAndDistribution ,,,,
2021-01-08T20:57:31-06:00,habitatUnstructured,http://rs.tdwg.org/plic/terms/,2021-01-08,2021-01-08,,,,,Unstructured Habitat,habitat element in text block format.,,,http://www.w3.org/1999/02/22-rdf-syntax-ns#Property,,Habitats,,,,
2021-01-08T20:57:31-06:00,hierarchy,http://rs.tdwg.org/plic/terms/,2021-01-08,2021-01-08,,,,,Hierarchy,Hierarchical categories. Modified from Linnean Core.,,Option: fill all or principal ranks and optionally provide keys.,http://www.w3.org/2000/01/rdf-schema#Class,,Nomenclature and Classification,,,,
2021-01-08T20:57:31-06:00,interactionAtomized,http://rs.tdwg.org/plic/terms/,2021-01-08,2021-01-08,,,,,Atomized Interaction,interaction element in structured format.,,,http://www.w3.org/1999/02/22-rdf-syntax-ns#Property,,Interactions,,,,
2021-01-08T20:57:31-06:00,identificationKeys,http://rs.tdwg.org/plic/terms/,2021-01-08,2021-01-08,,,,,Identification Keys,"Tool for the identification of organisms, comprising a series of steps, each of which represents a question about one or more characters of the organism. Each step offers multiple alternatives, choosing one of them will lead us to the next step until ending, finally, in the name of the organism.",,"Most printed keys have only two alternatives, so called dichotomous keys. A taxon includes a key or an identification of key in the subordinate taxons. If we are in a register of a genre, this register would include the keys of the species that this register includes, and if itÂ´s one specie, then it would include the key of the infraspecific rank (For plants: subspecies, variety forms)",http://www.w3.org/2000/01/rdf-schema#Class,,TaxonRecord,,,,
2021-01-08T20:57:31-06:00,Keys,http://rs.tdwg.org/plic/terms/,2021-01-08,2021-01-08,,,,,Keys,Dichotomic or multi-access key.,,,http://www.w3.org/1999/02/22-rdf-syntax-ns#Property,,IdentificationKeys,,,,
2021-01-08T20:57:31-06:00,interactions,http://rs.tdwg.org/plic/terms/,2021-01-08,2021-01-08,,,,,Interactions,Mutual or reciprocal actions or influences. Relations with products grown and stored by man (plagues) are also included.,,"For example, predation, parasitism, mutualism, etc.",http://www.w3.org/2000/01/rdf-schema#Class,,NaturalHistory,,,,
2021-01-08T20:57:31-06:00,interactionUnstructured,http://rs.tdwg.org/plic/terms/,2021-01-08,2021-01-08,,,,,Unstructured Interaction,interaction element in text block format.,,,http://www.w3.org/1999/02/22-rdf-syntax-ns#Property,,InteractionSpeciesType ,,,,
2021-01-08T20:57:31-06:00,InteractionSpecies,http://rs.tdwg.org/plic/terms/,2021-01-08,2021-01-08,,,,,Species Interaction ,"Information category concerning relations between resources (instances or records, such as Occurrences, Taxa, Locations, Events,...).",,,http://www.w3.org/2000/01/rdf-schema#Class,,Interactions,,,Agregado hace parte de naturalhistory,
2021-01-08T20:57:31-06:00,InteractionSpeciesType,http://rs.tdwg.org/plic/terms/,2021-01-08,2021-01-08,,,,,Species Interaction Type,String with the type of interaction. Each element is seperated by comma and each list of elements by.,,,http://www.w3.org/1999/02/22-rdf-syntax-ns#Property,,InteractionSpecies,,,Agregado ,
2021-01-08T20:57:31-06:00,invasiveness,http://rs.tdwg.org/plic/terms/,2021-01-08,2021-01-08,,,,,Invasiveness,"Information about invasive exotic species that could threaten to ecosystem, habitats and species",,,http://www.w3.org/2000/01/rdf-schema#Class,,TaxonRecord,,,,
2021-01-08T20:57:31-06:00,invasivenessAtomized,http://rs.tdwg.org/plic/terms/,2021-01-08,2021-01-08,,,,,Atomized Invasiveness,invasiveness element in structured format.,,,http://www.w3.org/1999/02/22-rdf-syntax-ns#Property,,invasiveness,,,,
2021-01-08T20:57:31-06:00,invasivenessUnstructured,http://rs.tdwg.org/plic/terms/,2021-01-08,2021-01-08,,,,,Unstructured Invasiveness,invasiveness element in text block format.,,,http://www.w3.org/1999/02/22-rdf-syntax-ns#Property,,invasiveness,,,,
2021-01-08T20:57:31-06:00,origin,http://rs.tdwg.org/plic/terms/,2021-01-08,2021-01-08,,,,,Origin,"Controlled vocabulary: Indigenous, Exotic, Unknown.",,,http://www.w3.org/1999/02/22-rdf-syntax-ns#Property,,invasiveness,,,Agregado hace parte de Invasivness,
2021-01-08T20:57:31-06:00,presence,http://rs.tdwg.org/plic/terms/,2021-01-08,2021-01-08,,,,,Presence ,"Controlled vocabulary: Absent, SometimesPresent, Present, Unknown, Reported.",,,http://www.w3.org/1999/02/22-rdf-syntax-ns#Property,,invasiveness,,,Agregado hace parte de Invasivness,
2021-01-08T20:57:31-06:00,persistence,http://rs.tdwg.org/plic/terms/,2021-01-08,2021-01-08,,,,,Persistence,"Controlled vocabulary: Persistent, Temporary, Transient, DiedOut, Unknown.",,,http://www.w3.org/1999/02/22-rdf-syntax-ns#Property,,invasiveness,,,Agregado hace parte de Invasivness,
2021-01-08T20:57:31-06:00,distribution,http://rs.tdwg.org/plic/terms/,2021-01-08,2021-01-08,,,,,Distribution,"Controlled vocabulary: Widespread, Moderate, Localized, Unknown.",,,http://www.w3.org/1999/02/22-rdf-syntax-ns#Property,,invasiveness,,,Agregado hace parte de Invasivness,
2021-01-08T20:57:31-06:00,harmful,http://rs.tdwg.org/plic/terms/,2021-01-08,2021-01-08,,,,,Harmful,"Controlled vocabulary: Yes, No, Potentially, Unknown.",,,http://www.w3.org/1999/02/22-rdf-syntax-ns#Property,,invasiveness,,,Agregado hace parte de Invasivness,
2021-01-08T20:57:31-06:00,modified,http://rs.tdwg.org/plic/terms/,2021-01-08,2021-01-08,,,,,Modified,Modified,,From GISIN: SpeciesStatus. http://www.gisin.org/cwis438/websites/GISINDirectory/Tech/ProtocolSpecification.php#4.4.1.1,http://www.w3.org/1999/02/22-rdf-syntax-ns#Property,,invasiveness,,,Agregado hace parte de Invasivness,
2021-01-08T20:57:31-06:00,startValidDate,http://rs.tdwg.org/plic/terms/,2021-01-08,2021-01-08,,,,,Start Valid Date,Start Valid Date,,From GISIN: SpeciesStatus. http://www.gisin.org/cwis438/websites/GISINDirectory/Tech/ProtocolSpecification.php#4.4.1.1,http://www.w3.org/1999/02/22-rdf-syntax-ns#Property,,invasiveness,,,Agregado hace parte de Invasivness,
2021-01-08T20:57:31-06:00,endValidDate,http://rs.tdwg.org/plic/terms/,2021-01-08,2021-01-08,,,,,End Valid Date,End Valid Date,,From GISIN: SpeciesStatus. http://www.gisin.org/cwis438/websites/GISINDirectory/Tech/ProtocolSpecification.php#4.4.1.1,http://www.w3.org/1999/02/22-rdf-syntax-ns#Property,,invasiveness,,,Agregado hace parte de Invasivness,
2021-01-08T20:57:31-06:00,countryCode,http://rs.tdwg.org/plic/terms/,2021-01-08,2021-01-08,,,,,Country Code,The standard code for the country in which the Location occurs. Recommended best practice is to use ISO 3166-1-alpha-2 country codes.,,,http://www.w3.org/1999/02/22-rdf-syntax-ns#Property,,invasiveness,,,Agregado hace parte de Invasivness,
2021-01-08T20:57:31-06:00,stateProvince,http://rs.tdwg.org/plic/terms/,2021-01-08,2021-01-08,,,,,State Province,"The name of the next smaller administrative region than country (state, 
province, canton, department, region, etc.) in which the Location 
occurs.",,,http://www.w3.org/1999/02/22-rdf-syntax-ns#Property,,invasiveness,,,Agregado hace parte de Invasivness,
2021-01-08T20:57:31-06:00,county,http://rs.tdwg.org/plic/terms/,2021-01-08,2021-01-08,,,,,County,"The full, unabbreviated name of the next smaller administrative region 
than stateProvince (county, shire, department, etc.) in which the 
Location occurs.",,,http://www.w3.org/1999/02/22-rdf-syntax-ns#Property,,invasiveness,,,Agregado hace parte de Invasivness,
2021-01-08T20:57:31-06:00,localityName,http://rs.tdwg.org/plic/terms/,2021-01-08,2021-01-08,,,,,Locality Name,Protocol Specification on Locations,,,http://www.w3.org/1999/02/22-rdf-syntax-ns#Property,,invasiveness,,,Agregado hace parte de Invasivness,
2021-01-08T20:57:31-06:00,language,http://rs.tdwg.org/plic/terms/,2021-01-08,2021-01-08,,,,,Language,Language,,,http://www.w3.org/1999/02/22-rdf-syntax-ns#Property,,invasiveness,,,Agregado hace parte de Invasivness,
2021-01-08T20:57:31-06:00,citation,http://rs.tdwg.org/plic/terms/,2021-01-08,2021-01-08,,,,,Citation,Citation,,,http://www.w3.org/1999/02/22-rdf-syntax-ns#Property,,invasiveness,,,Agregado hace parte de Invasivness,
2021-01-08T20:57:31-06:00,abundance,http://rs.tdwg.org/plic/terms/,2021-01-08,2021-01-08,,,,,Abundance,"Controlled vocabulary: Dominant, Common, Rare, Zero, Unknown, Monoculture.",,,http://www.w3.org/1999/02/22-rdf-syntax-ns#Property,,invasiveness,,,Agregado hace parte de Invasivness,
2021-01-08T20:57:31-06:00,trend,http://rs.tdwg.org/plic/terms/,2021-01-08,2021-01-08,,,,,Trend,"Controlled vocabulary: Stable, Declining, Unknown, Expanding.",,,http://www.w3.org/1999/02/22-rdf-syntax-ns#Property,,invasiveness,,,Agregado hace parte de Invasivness,
2021-01-08T20:57:31-06:00,rateOfSpread,http://rs.tdwg.org/plic/terms/,2021-01-08,2021-01-08,,,,,Rate Of Spread,"Controlled vocabulary: Rapid, Moderate, Slow, Unknown.",,,http://www.w3.org/1999/02/22-rdf-syntax-ns#Property,,invasiveness,,,Agregado hace parte de Invasivness,
2021-01-08T20:57:31-06:00,regulatoryListing,http://rs.tdwg.org/plic/terms/,2021-01-08,2021-01-08,,,,,Regulatory Listing,"Controlled vocabulary: Prohibited, Restricted, NotConsidered, Unknown.",,,http://www.w3.org/1999/02/22-rdf-syntax-ns#Property,,invasiveness,,,Agregado hace parte de Invasivness,
2021-01-08T20:57:31-06:00,memo,http://rs.tdwg.org/plic/terms/,2021-01-08,2021-01-08,,,,,Memo,Memo,,,http://www.w3.org/1999/02/22-rdf-syntax-ns#Property,,invasiveness,,,Agregado hace parte de Invasivness,
2021-01-08T20:57:31-06:00,publicationDate,http://rs.tdwg.org/plic/terms/,2021-01-08,2021-01-08,,,,,Publication Date,Publication Date,,From GISIN: SpeciesStatus. http://www.gisin.org/cwis438/websites/GISINDirectory/Tech/ProtocolSpecification.php#4.4.1.1,http://www.w3.org/1999/02/22-rdf-syntax-ns#Property,,invasiveness,,,Agregado hace parte de Invasivness,
2021-01-08T20:57:31-06:00,localityType,http://rs.tdwg.org/plic/terms/,2021-01-08,2021-01-08,,,,,Locality Type,"Controlled vocabulary: State/Province, County, Postal code, Watershed, Unknown.",,,http://www.w3.org/1999/02/22-rdf-syntax-ns#Property,,invasiveness,,,Agregado hace parte de Invasivness,
2021-01-08T20:57:31-06:00,WhatImpact,http://rs.tdwg.org/plic/terms/,2021-01-08,2021-01-08,,,,,What Impact,"An indication of the actual impact as a free text string. e.g. destroys 
riparian vegetation, destroys irrigation systems, displaces Arvicola 
sapidus",,,http://www.w3.org/1999/02/22-rdf-syntax-ns#Property,,invasiveness,,,Agregado hace parte de Invasivness,
2021-01-08T20:57:31-06:00,vector,http://rs.tdwg.org/plic/terms/,2021-01-08,2021-01-08,,,,,Vector,"By which means a species occupies a new territory. e.g. fishing boats; dirty boots, cars (Aedes albopictus)",,,http://www.w3.org/1999/02/22-rdf-syntax-ns#Property,,invasiveness,,,Agregado hace parte de Invasivness,
2021-01-08T20:57:31-06:00,Route,http://rs.tdwg.org/plic/terms/,2021-01-08,2021-01-08,,,,,Route,This is equivalent and probably replaceable by gisin:route,,,http://www.w3.org/1999/02/22-rdf-syntax-ns#Property,,invasiveness,,,Agregado hace parte de Invasivness,
2021-01-08T20:57:31-06:00,impactTarget,http://rs.tdwg.org/plic/terms/,2021-01-08,2021-01-08,,,,,Impact Target,This is equivalent and probably replaceable by gisin:impactTarget,,,http://www.w3.org/2004/02/skos/core#ConceptScheme,,InvasivenessAtomized,,,Agregado hace parte de Invasivness,
2021-01-08T20:57:31-06:00,impactTarget01,http://rs.tdwg.org/plic/terms/,2021-01-08,2021-01-08,,,,,Economy,Economy,,,http://www.w3.org/2004/02/skos/core#Concept,Economy,,impactTarget,,,
2021-01-08T20:57:31-06:00,impactTarget02,http://rs.tdwg.org/plic/terms/,2021-01-08,2021-01-08,,,,,Environment,Environment,,,http://www.w3.org/2004/02/skos/core#Concept,Environment,,impactTarget,,,
2021-01-08T20:57:31-06:00,impactTarget03,http://rs.tdwg.org/plic/terms/,2021-01-08,2021-01-08,,,,,Human health,Human health,,,http://www.w3.org/2004/02/skos/core#Concept,HumanHealth,,impactTarget,,,
2021-01-08T20:57:31-06:00,impactTarget04,http://rs.tdwg.org/plic/terms/,2021-01-08,2021-01-08,,,,,Unknown,Unknown,,,http://www.w3.org/2004/02/skos/core#Concept,Unknown,,impactTarget,,,
2021-01-08T20:57:31-06:00,impactMechanism,http://rs.tdwg.org/plic/terms/,2021-01-08,2021-01-08,,,,,Impact Mechanism,Mechanism of introduction or impact to a new location.,,,http://www.w3.org/2004/02/skos/core#ConceptScheme,,InvasivenessAtomized,,,Agregado hace parte de Invasivness,
2021-01-08T20:57:31-06:00,impactMechanism01,http://rs.tdwg.org/plic/terms/,2021-01-08,2021-01-08,,,,,Allergeny,Allergeny,,,http://www.w3.org/2004/02/skos/core#Concept,Allergeny,,impactMechanism,,,
2021-01-08T20:57:31-06:00,impactMechanism02,http://rs.tdwg.org/plic/terms/,2021-01-08,2021-01-08,,,,,Competition,Competition,,,http://www.w3.org/2004/02/skos/core#Concept,Competition,,impactMechanism,,,
2021-01-08T20:57:31-06:00,impactMechanism03,http://rs.tdwg.org/plic/terms/,2021-01-08,2021-01-08,,,,,Disease Transmission,Disease Transmission,,,http://www.w3.org/2004/02/skos/core#Concept,DiseaseTransmission,,impactMechanism,,,
2021-01-08T20:57:31-06:00,impactMechanism04,http://rs.tdwg.org/plic/terms/,2021-01-08,2021-01-08,,,,,Fouling,Fouling,,,http://www.w3.org/2004/02/skos/core#Concept,Fouling,,impactMechanism,,,
2021-01-08T20:57:31-06:00,impactMechanism05,http://rs.tdwg.org/plic/terms/,2021-01-08,2021-01-08,,,,,Herbivory,Herbivory,,,http://www.w3.org/2004/02/skos/core#Concept,Herbivory,,impactMechanism,,,
2021-01-08T20:57:31-06:00,impactMechanism06,http://rs.tdwg.org/plic/terms/,2021-01-08,2021-01-08,,,,,Hybridization,Hybridization,,,http://www.w3.org/2004/02/skos/core#Concept,Hybridization,,impactMechanism,,,
2021-01-08T20:57:31-06:00,impactMechanism07,http://rs.tdwg.org/plic/terms/,2021-01-08,2021-01-08,,,,,Inhibits Growth Of Other Species,Inhibits Growth Of Other Species,,,http://www.w3.org/2004/02/skos/core#Concept,InhibitsGrowthOfOtherSpecies,,impactMechanism,,,
2021-01-08T20:57:31-06:00,impactMechanism08,http://rs.tdwg.org/plic/terms/,2021-01-08,2021-01-08,,,,,Interaction With Other Invasive Species,Interaction With Other Invasive Species,,,http://www.w3.org/2004/02/skos/core#Concept,InteractionWithOtherInvasiveSpecies,,impactMechanism,,,
2021-01-08T20:57:31-06:00,impactMechanism09,http://rs.tdwg.org/plic/terms/,2021-01-08,2021-01-08,,,,,Modifies Fire Regime,Modifies Fire Regime,,,http://www.w3.org/2004/02/skos/core#Concept,ModifiesFireRegime,,impactMechanism,,,
2021-01-08T20:57:31-06:00,impactMechanism10,http://rs.tdwg.org/plic/terms/,2021-01-08,2021-01-08,,,,,Modifies Hydrology,Modifies Hydrology,,,http://www.w3.org/2004/02/skos/core#Concept,ModifiesHydrology,,impactMechanism,,,
2021-01-08T20:57:31-06:00,impactMechanism11,http://rs.tdwg.org/plic/terms/,2021-01-08,2021-01-08,,,,,Modifies Natural Benthic Communities,Modifies Natural Benthic Communities,,,http://www.w3.org/2004/02/skos/core#Concept,ModifiesNaturalBenthicCommunities,,impactMechanism,,,
2021-01-08T20:57:31-06:00,impactMechanism12,http://rs.tdwg.org/plic/terms/,2021-01-08,2021-01-08,,,,,Modifies Nutrient Regime,Modifies Nutrient Regime,,,http://www.w3.org/2004/02/skos/core#Concept,ModifiesNutrientRegime,,impactMechanism,,,
2021-01-08T20:57:31-06:00,impactMechanism13,http://rs.tdwg.org/plic/terms/,2021-01-08,2021-01-08,,,,,Modifies Successional Patterns,Modifies Successional Patterns,,,http://www.w3.org/2004/02/skos/core#Concept,ModifiesSuccessionalPatterns,,impactMechanism,,,
2021-01-08T20:57:31-06:00,impactMechanism14,http://rs.tdwg.org/plic/terms/,2021-01-08,2021-01-08,,,,,Other See Memo For Description,Other See Memo For Description,,,http://www.w3.org/2004/02/skos/core#Concept,OtherSeeMemoForDescription,,impactMechanism,,,
2021-01-08T20:57:31-06:00,impactMechanism15,http://rs.tdwg.org/plic/terms/,2021-01-08,2021-01-08,,,,,Parasitism,Parasitism,,,http://www.w3.org/2004/02/skos/core#Concept,Parasitism,,impactMechanism,,,
2021-01-08T20:57:31-06:00,impactMechanism16,http://rs.tdwg.org/plic/terms/,2021-01-08,2021-01-08,,,,,Pathogenic,Pathogenic,,,http://www.w3.org/2004/02/skos/core#Concept,Pathogenic,,impactMechanism,,,
2021-01-08T20:57:31-06:00,impactMechanism17,http://rs.tdwg.org/plic/terms/,2021-01-08,2021-01-08,,,,,Physical Disturbance,Physical Disturbance,,,http://www.w3.org/2004/02/skos/core#Concept,PhysicalDisturbance,,impactMechanism,,,
2021-01-08T20:57:31-06:00,impactMechanism18,http://rs.tdwg.org/plic/terms/,2021-01-08,2021-01-08,,,,,Pollen Swamping,Pollen Swamping,,,http://www.w3.org/2004/02/skos/core#Concept,PollenSwamping,,impactMechanism,,,
2021-01-08T20:57:31-06:00,impactMechanism19,http://rs.tdwg.org/plic/terms/,2021-01-08,2021-01-08,,,,,Predation,Predation,,,http://www.w3.org/2004/02/skos/core#Concept,Predation,,impactMechanism,,,
2021-01-08T20:57:31-06:00,impactMechanism20,http://rs.tdwg.org/plic/terms/,2021-01-08,2021-01-08,,,,,Transpiration,Transpiration,,,http://www.w3.org/2004/02/skos/core#Concept,Transpiration,,impactMechanism,,,
2021-01-08T20:57:31-06:00,impactMechanism21,http://rs.tdwg.org/plic/terms/,2021-01-08,2021-01-08,,,,,Unknown,Unknown,,,http://www.w3.org/2004/02/skos/core#Concept,Unknown,,impactMechanism,,,
2021-01-08T20:57:31-06:00,keys,http://rs.tdwg.org/plic/terms/,2021-01-08,2021-01-08,,,,,Keys,Dichotomic or multientrance keys.,,,http://www.w3.org/1999/02/22-rdf-syntax-ns#Property,,IdentificationKeys,,,,
2021-01-08T20:57:31-06:00,legislationAtomized,http://rs.tdwg.org/plic/terms/,2021-01-08,2021-01-08,,,,,Atomized Legislation,legislation element in structured format.,,,http://www.w3.org/1999/02/22-rdf-syntax-ns#Property,,Legislation,,,,
2021-01-08T20:57:31-06:00,language,http://rs.tdwg.org/plic/terms/,2021-01-08,2021-01-08,,,,,Language,"The language of the taxon record, according to ISO 639.",,,http://www.w3.org/1999/02/22-rdf-syntax-ns#Property,,RecordMetadata,,,,
2021-01-08T20:57:31-06:00,lifeCycle,http://rs.tdwg.org/plic/terms/,2021-01-08,2021-01-08,,,,,Life Cycle,Life history of a living organism: The course of developmental changes in an organism from fertilized zygote to maturity or stages through which an organism passes.,,,http://www.w3.org/2000/01/rdf-schema#Class,,NaturalHistory,,,MorF,
2021-01-08T20:57:31-06:00,lifeForm,http://rs.tdwg.org/plic/terms/,2021-01-08,2021-01-08,,,,,Life Form,"General appearance. Characteristic mode of growth or occurrence associated to its environment, particularly for plants. Comprising its size, shape, texture and orientation.",,"Example: tree, shrubs, herbs.",http://www.w3.org/2000/01/rdf-schema#Class,,NaturalHistory,,,MorF,
2021-01-08T20:57:31-06:00,lifeCycleAtomized,http://rs.tdwg.org/plic/terms/,2021-01-08,2021-01-08,,,,,Atomized Life Cycle,lifeCycle element in structured format.,,,http://www.w3.org/1999/02/22-rdf-syntax-ns#Property,,lifeCycle,DetailType,,,
2021-01-08T20:57:31-06:00,lifeCycleUnstructured,http://rs.tdwg.org/plic/terms/,2021-01-08,2021-01-08,,,,,Unstructured Life Cycle,lifeCycle element in text block format.,,,http://www.w3.org/1999/02/22-rdf-syntax-ns#Property,,lifeCycle,,,,
2021-01-08T20:57:31-06:00,lifeFormAtomized,http://rs.tdwg.org/plic/terms/,2021-01-08,2021-01-08,,,,,Atomized Life Form,lifeCycleForm element in structured format.,,,http://www.w3.org/1999/02/22-rdf-syntax-ns#Property,,lifeCycle,,,,
2021-01-08T20:57:31-06:00,lifeFormUnstructured,http://rs.tdwg.org/plic/terms/,2021-01-08,2021-01-08,,,,,Unstructured Life Form,lifeCycleForm element in text block format.,,,http://www.w3.org/1999/02/22-rdf-syntax-ns#Property,,lifeCycle,,,,
2021-01-08T20:57:31-06:00,legislation,http://rs.tdwg.org/plic/terms/,2021-01-08,2021-01-08,,,,,Legislation,A national proposed law or group of laws. A regional proposed law or group of laws.,,,http://www.w3.org/2000/01/rdf-schema#Class,,DemographyAndThreat,,,,
2021-01-08T20:57:31-06:00,legislationUnstructured,http://rs.tdwg.org/plic/terms/,2021-01-08,2021-01-08,,,,,Unstructured Legislation,legislation element in text block format.,,,http://www.w3.org/1999/02/22-rdf-syntax-ns#Property,,Legislation,,,,
2021-01-08T20:57:31-06:00,LegislationType,http://rs.tdwg.org/plic/terms/,2021-01-08,2021-01-08,,,,,Legislation Type,National and/or regional law or group of laws.,,,http://www.w3.org/1999/02/22-rdf-syntax-ns#Property,,LegislationAtomized,,,,
2021-01-08T20:57:31-06:00,LegislationName,http://rs.tdwg.org/plic/terms/,2021-01-08,2021-01-08,,,,,Legislation Name,Word or phrase to designate the law or group of laws.,,,http://www.w3.org/1999/02/22-rdf-syntax-ns#Property,,LegislationAtomized,,,,
2021-01-08T20:57:31-06:00,ProtectionLegalStatus,http://rs.tdwg.org/plic/terms/,2021-01-08,2021-01-08,,,,,Protection Legal Status,Description of the legal status.,,,http://www.w3.org/1999/02/22-rdf-syntax-ns#Property,,LegislationAtomized,,,,
2021-01-08T20:57:31-06:00,LegislationRead,http://rs.tdwg.org/plic/terms/,2021-01-08,2021-01-08,,,,,Legislation Read,The oficial document in which the user can read the legislation.,,,http://www.w3.org/1999/02/22-rdf-syntax-ns#Property,,LegislationAtomized,,,,
2021-01-08T20:57:31-06:00,Status,http://rs.tdwg.org/plic/terms/,2021-01-08,2021-01-08,,,,,Status,"Whether a piece of legislation is in force, or superseded, etc.",,,http://www.w3.org/1999/02/22-rdf-syntax-ns#Property,,LegislationAtomized,,,,
2021-01-08T20:57:31-06:00,Type,http://rs.tdwg.org/plic/terms/,2021-01-08,2021-01-08,,,,,Type,Category of the piece of legislation.,,,http://www.w3.org/1999/02/22-rdf-syntax-ns#Property,,LegislationAtomized,,,,
2021-01-08T20:57:31-06:00,Norm,http://rs.tdwg.org/plic/terms/,2021-01-08,2021-01-08,,,,,Norm,"Norms are general legal principles that are widely accepted. This acceptance is evidenced in a number of ways, such as international agreements, national legislation, domestic and international judicial decisions, and scholarly writings.",,,,,LegislationAtomized,,,,
2021-01-08T20:57:31-06:00,AppliesTo,http://rs.tdwg.org/plic/terms/,2021-01-08,2021-01-08,,,,,Applies to,Location where the status is used.,,,,,LegislationAtomized,,,,
2021-01-08T20:57:31-06:00,managementAndConservation,http://rs.tdwg.org/plic/terms/,2021-01-08,2021-01-08,,,,,Management And Conservation,Management: actions directed at conserving or restoring species / Conservation: interventions undertaken designed to preserve species.,,,http://www.w3.org/1999/02/22-rdf-syntax-ns#Property,,UsesManagementAndConservation,,,,
2021-01-08T20:57:31-06:00,managementAndConservationAtomized,http://rs.tdwg.org/plic/terms/,2021-01-08,2021-01-08,,,,,Management And Conservation Atomized,Management: actions directed at conserving or restoring species / Conservation: interventions undertaken designed to preserve species in an structured manner,,,http://www.w3.org/2000/01/rdf-schema#Class,,ManagementAndConservation,,,"Si es una clase, hay que cambiatrl a para que empiece por mayuscula",
2021-01-08T20:57:31-06:00,managementAndConservationUnstructured,http://rs.tdwg.org/plic/terms/,2021-01-08,2021-01-08,,,,,Management And Conservation Unstructured,Management: actions directed at conserving or restoring species / Conservation: interventions undertaken designed to preserve species as a text block,,,http://www.w3.org/1999/02/22-rdf-syntax-ns#Property,,UsesManagementAndConservation,,,,
2021-01-08T20:57:31-06:00,ManagementAndConservationType,http://rs.tdwg.org/plic/terms/,2021-01-08,2021-01-08,,,,,Management And Conservation Type,Management: actions aimed at conserving or recovering species / Conservation: undertaken interventions designed to preserve species.,,,http://www.w3.org/2000/01/rdf-schema#Class,,ManagementAndConservation,,,,
2021-01-08T20:57:31-06:00,Objetives,http://rs.tdwg.org/plic/terms/,2021-01-08,2021-01-08,,,,,Objetives,Specific purposes of the management actions. Each objective must be separated by ;,,,http://www.w3.org/1999/02/22-rdf-syntax-ns#Property,,ManagementAndConservation,,,,
2021-01-08T20:57:31-06:00,ManagementPlan,http://rs.tdwg.org/plic/terms/,2021-01-08,2021-01-08,,,,,Management Plan,plan guiding the overall management project.,,,http://www.w3.org/1999/02/22-rdf-syntax-ns#Property,,ManagementAndConservation,,,,
2021-01-08T20:57:31-06:00,Actions,http://rs.tdwg.org/plic/terms/,2021-01-08,2021-01-08,,,,,Actions,Individual tasks in which a management project can be atomized. Each action must be separated by ;,,,http://www.w3.org/1999/02/22-rdf-syntax-ns#Property,,ManagementAndConservation,,,,
2021-01-08T20:57:31-06:00,ActionsType,http://rs.tdwg.org/plic/terms/,2021-01-08,2021-01-08,,,,,Actions Type,Each action must have one type. In the case that one action doesn't have type then put blank.,,,http://www.w3.org/1999/02/22-rdf-syntax-ns#Property,,ManagementAndConservation,,,,
2021-01-08T20:57:31-06:00,HumanAndEnvironmentalrelevance,http://rs.tdwg.org/plic/terms/,2021-01-08,2021-01-08,,,,,Human And Environmental Relevance,"Impact or value an species has either on the environment or on humans, and that justify management measures.",,,http://www.w3.org/1999/02/22-rdf-syntax-ns#Property,,ManagementAndConservationAtomized ,,,,
2021-01-08T20:57:31-06:00,TaxonRecord,http://rs.tdwg.org/plic/terms/,2021-01-08,2021-01-08,,,,,Taxon Record,"Container for all elements pertaining a certain view or instance of a taxon, for instance, Festuca glauca Vill. as in Flora iberica, or Panthera onca as in https://enciclovida.mx/especies/34460-panthera-onca",,,http://www.w3.org/2000/01/rdf-schema#Class,,Dataset,,,,
2021-01-08T20:57:31-06:00,metadata,http://rs.tdwg.org/plic/terms/,2021-01-08,2021-01-08,,,,,metadata,Management: actions aimed at conserving or recovering species / Conservation: undertaken interventions designed to preserve species.,,,http://www.w3.org/2000/01/rdf-schema#Class,,Dataset,,,,
2021-01-08T20:57:31-06:00,Dataset_ID,http://rs.tdwg.org/plic/terms/,2021-01-08,2021-01-08,,,,,Dataset_ID,An identifier for the dataset,,,http://www.w3.org/2000/01/rdf-schema#Class,,metadata,,,,
2021-01-08T20:57:31-06:00,dateStamp,http://rs.tdwg.org/plic/terms/,2021-01-08,2021-01-08,,,,,dateStamp,The date the metadata document was created or modified,,,http://www.w3.org/1999/02/22-rdf-syntax-ns#Property,,metadata,,,,
2021-01-08T20:57:31-06:00,dataset,http://rs.tdwg.org/plic/terms/,2021-01-08,2021-01-08,,,,,dataset,The dataset element is a wrapper for all other elements relating to a single dataset as defined in eml.xsd (eml/dataset),,https://eml.ecoinformatics.org/schema/,http://www.w3.org/2000/01/rdf-schema#Class,,metadata,,,,
2021-01-08T20:57:31-06:00,resourceLogoUrl,http://rs.tdwg.org/plic/terms/,2021-01-08,2021-01-08,,,,,resourceLogoUrl,The URI of an icon/logo symbolizing the project,,,http://www.w3.org/1999/02/22-rdf-syntax-ns#Property,,metadata,,,,
2021-01-08T20:57:31-06:00,Dataset,http://rs.tdwg.org/plic/terms/,2021-01-08,2021-01-08,,,,,Dataset,Root element from which all other elements will branch,,,http://www.w3.org/2000/01/rdf-schema#Class,,metadata,,,,
2021-01-08T20:57:31-06:00,Migratory,http://rs.tdwg.org/plic/terms/,2021-01-08,2021-01-08,,,,,migratory,"The regular, usually seasonal, movement of all or part of an animal population of and from a given area, which can occur in variable periods of time and even involve more than one generation",,,http://www.w3.org/2000/01/rdf-schema#Class,,NaturalHistory,,,,
2021-01-08T20:57:31-06:00,MigratoryAtomized,http://rs.tdwg.org/plic/terms/,2021-01-08,2021-01-08,,,,,atomized migratory,"The regular, usually seasonal, movement of all or part of an animal population to and from a given area, which can occur in variable periods of time and even involve more than one generation broken down in specific elements ",,,http://www.w3.org/2000/01/rdf-schema#Class,,Migratory,,,,
2021-01-08T20:57:31-06:00,migratoryUnstructured,http://rs.tdwg.org/plic/terms/,2021-01-08,2021-01-08,,,,,unstructured migratory,"The regular, usually seasonal, movement of all or part of an animal population to and from a given area, which can occur in variable periods of time and even involve more than one generation as text block",,,http://www.w3.org/1999/02/22-rdf-syntax-ns#Property,,Migratory,,,,
2021-01-08T20:57:31-06:00,Causes,http://rs.tdwg.org/plic/terms/,2021-01-08,2021-01-08,,,,,Causes,Reasons for the species to move from one place to another in a specific lap,,,http://www.w3.org/2004/02/skos/core#ConceptScheme,,Migratory,,yes,Agregado hace parte de migratory,
2021-01-08T20:57:31-06:00,Causes01,http://rs.tdwg.org/plic/terms/,2021-01-08,2021-01-08,,,,,Seasonal climatic variation,Seasonal climatic variation,,,http://www.w3.org/2004/02/skos/core#Concept,SeasonalClimaticVariation,,Causes,,,
2021-01-08T20:57:31-06:00,Causes02,http://rs.tdwg.org/plic/terms/,2021-01-08,2021-01-08,,,,,Resource availability,Resource availability,,,http://www.w3.org/2004/02/skos/core#Concept,ResourceAvailability,,Causes,,,
2021-01-08T20:57:31-06:00,Causes03,http://rs.tdwg.org/plic/terms/,2021-01-08,2021-01-08,,,,,Reproduction,Reproduction,,,http://www.w3.org/2004/02/skos/core#Concept,Reproduction,,Causes,,,
2021-01-08T20:57:31-06:00,Patterns,http://rs.tdwg.org/plic/terms/,2021-01-08,2021-01-08,,,,,Patterns,Displacement of the species in space,,,http://www.w3.org/2004/02/skos/core#ConceptScheme,,MigratoryAtomized,,,Agregado hace parte de migratory,
2021-01-08T20:57:31-06:00,Patterns01,http://rs.tdwg.org/plic/terms/,2021-01-08,2021-01-08,,,,,Latitudinal,Latitudinal,,,http://www.w3.org/2004/02/skos/core#Concept,Latitudinal,,Patterns,,,
2021-01-08T20:57:31-06:00,Patterns02,http://rs.tdwg.org/plic/terms/,2021-01-08,2021-01-08,,,,,Longitudinal,Longitudinal,,,http://www.w3.org/2004/02/skos/core#Concept,Longitudinal,,Patterns,,,
2021-01-08T20:57:31-06:00,Patterns03,http://rs.tdwg.org/plic/terms/,2021-01-08,2021-01-08,,,,,Altitudinal,Altitudinal,,,http://www.w3.org/2004/02/skos/core#Concept,Altitudinal,,Patterns,,,
2021-01-08T20:57:31-06:00,Patterns04,http://rs.tdwg.org/plic/terms/,2021-01-08,2021-01-08,,,,,Vertical in water column,Vertical in water column,,,http://www.w3.org/2004/02/skos/core#Concept,Vertical in water column,,Patterns,,,
2021-01-08T20:57:31-06:00,Patterns05,http://rs.tdwg.org/plic/terms/,2021-01-08,2021-01-08,,,,,Local migrant,Local migrant,,,http://www.w3.org/2004/02/skos/core#Concept,Local migrant,,Patterns,,,
2021-01-08T20:57:31-06:00,Routes,http://rs.tdwg.org/plic/terms/,2021-01-08,2021-01-08,,,,,Routes,Trajectory followed by the species,,,http://www.w3.org/1999/02/22-rdf-syntax-ns#Property,,MigratoryAtomized,,,Agregado hace parte de migratory,
2021-01-08T20:57:31-06:00,Season,http://rs.tdwg.org/plic/terms/,2021-01-08,2021-01-08,,,,,Season,Time of year in which a species migrates.,,,http://www.w3.org/1999/02/22-rdf-syntax-ns#Property,,MigratoryAtomized,,,Agregado hace parte de migratory,
2021-01-08T20:57:31-06:00,miscDetails,http://rs.tdwg.org/plic/terms/,2021-01-08,2021-01-08,,,,,miscellaneous details,Miscellaneus: notes attached to the taxon natural history information,,,http://www.w3.org/1999/02/22-rdf-syntax-ns#Property,,NaturalHistory,,,,
2021-01-08T20:57:31-06:00,MolecularData,http://rs.tdwg.org/plic/terms/,2021-01-08,2021-01-08,,,,,molecular data,"Information on the chemical structures and biological processes at the molecular level: DNA and proteins sequences, protein structures, expression profiles of genes protein domains, families of genes, mutations, polymorphisms, involvement in disease, ...",,"Undeveloped. Placeholder for connecting with standards developed by specialists. For example, Standards for Data Exchange and Management from Scalalife (http://www.scalalife.eu/content/data)",http://www.w3.org/2000/01/rdf-schema#Class,,NaturalHistory,,,MorF,
2021-01-08T20:57:31-06:00,MolecularDataAtomized,http://rs.tdwg.org/plic/terms/,2021-01-08,2021-01-08,,,,,atomized molecular data,MolecularData element in structured format,,,http://www.w3.org/1999/02/22-rdf-syntax-ns#Property,,MolecularData,,,?,
2021-01-08T20:57:31-06:00,MolecularDataUnstructured,http://rs.tdwg.org/plic/terms/,2021-01-08,2021-01-08,,,,,unstructured molecular data,MolecularData as a text block,,,http://www.w3.org/1999/02/22-rdf-syntax-ns#Property,,MolecularData,,,,
2021-01-08T20:57:31-06:00,RelatedTo,http://rs.tdwg.org/plic/terms/,2021-01-08,2021-01-08,,,,,RelatedTo,Specifies to which PlinianCore term the information contained under MolecularDataAtomized refers to. The controlled vocabulary is list of content-bearing PlinianCore elements.,,,http://www.w3.org/1999/02/22-rdf-syntax-ns#Property,,MolecularDataAtomized,,,,
2021-01-08T20:57:31-06:00,NaturalHistory,http://rs.tdwg.org/plic/terms/,2021-01-08,2021-01-08,,,,,natural history,"Relevant descriptive information about the species: Life Form, Life Cycle, Reproduction, Annual Cycles, Feeding, Dispersal, Behavior, Interactions, Molecular Data, Migratory, Ecological Significance, Miscellaneous Details, Environmental Envelope and Ancillary Data.",,,http://www.w3.org/2000/01/rdf-schema#Class,,TaxonRecord,,,,
2021-01-08T20:57:31-06:00,naturalHistoryUnstructured,http://rs.tdwg.org/plic/terms/,2021-01-08,2021-01-08,,,,,unstructured natural history,NaturalHistory element in text block format,,,http://www.w3.org/1999/02/22-rdf-syntax-ns#Property,,NaturalHistory,,,,
2021-01-08T20:57:31-06:00,nomenclatureAndClassification,http://rs.tdwg.org/plic/terms/,2021-01-08,2021-01-08,,,,,nomenclature and classification,"Information on the taxon's  name, synomyms, nomenclatural status, common names, and taxonomic hierarchy; plus  misc. details and ancillary data",,,http://www.w3.org/1999/02/22-rdf-syntax-ns#Property,,NaturalHistory,,,,
2021-01-08T20:57:31-06:00,commonNamesUnstructured,http://rs.tdwg.org/plic/terms/,2021-01-08,2021-01-08,,,,,unstructured common names,CommonNames element in text block format,,,http://www.w3.org/1999/02/22-rdf-syntax-ns#Property,,CommonNames,,,,
2021-01-08T20:57:31-06:00,PopulationBiology,http://rs.tdwg.org/plic/terms/,2021-01-08,2021-01-08,,,,,population biology,"Description of the variations in time and space, as well as in the size and density of populations, and the factors that cause such variations",,,http://www.w3.org/2000/01/rdf-schema#Class,,DemographyAndThreats,,,,
2021-01-08T20:57:31-06:00,populationBiologyAtomized,http://rs.tdwg.org/plic/terms/,2021-01-08,2021-01-08,,,,,atomized population biology,Population biology data in structured form,,,http://www.w3.org/1999/02/22-rdf-syntax-ns#Property,,PopulationBiology,,,,
2021-01-08T20:57:31-06:00,populationBiologyUnstructured,http://rs.tdwg.org/plic/terms/,2021-01-08,2021-01-08,,,,,unstructured population biology,Population biology data as a text block,,,http://www.w3.org/1999/02/22-rdf-syntax-ns#Property,,PopulationBiology,,,,
2021-01-08T20:57:31-06:00,AbundanceData,http://rs.tdwg.org/plic/terms/,2021-01-08,2021-01-08,,,,,AbundanceData,The relative representation of a species population in relation to other species or multiple species in a particular territory,,,http://www.w3.org/1999/02/22-rdf-syntax-ns#Property,,PopulationBiology  |  DemographyAndThreat,,,,
2021-01-08T20:57:31-06:00,DensityData,http://rs.tdwg.org/plic/terms/,2021-01-08,2021-01-08,,,,,DensityData,Population size in relation to a defined space unit,,,http://www.w3.org/1999/02/22-rdf-syntax-ns#Property,,PopulationBiology  |  DemographyAndThreat,,,,
2021-01-08T20:57:31-06:00,PatternDistribution,http://rs.tdwg.org/plic/terms/,2021-01-08,2021-01-08,,,,,Pattern distribution,The spatial arrangement of the individuals of a population in the territory it occupies,,,http://www.w3.org/1999/02/22-rdf-syntax-ns#Property,,PopulationBiology  |  DemographyAndThreat,,,,
2021-01-08T20:57:31-06:00,Size,http://rs.tdwg.org/plic/terms/,2021-01-08,2021-01-08,,,,,Size,Number of individual organisms in a population,,,http://www.w3.org/1999/02/22-rdf-syntax-ns#Property,,PopulationBiology  |  DemographyAndThreat,,,,
2021-01-08T20:57:31-06:00,SexRatio,http://rs.tdwg.org/plic/terms/,2021-01-08,2021-01-08,,,,,SexRatio,Relative number of males to females in a population,,,http://www.w3.org/1999/02/22-rdf-syntax-ns#Property,,PopulationBiology  |  DemographyAndThreat,,,,
2021-01-08T20:57:31-06:00,Fecundity,http://rs.tdwg.org/plic/terms/,2021-01-08,2021-01-08,,,,,Fecundity,"In the context of a population, is the combined maximum potential of its individuals to produce offspring",,,http://www.w3.org/1999/02/22-rdf-syntax-ns#Property,,PopulationBiology  |  DemographyAndThreat,,,,
2021-01-08T20:57:31-06:00,MortalityRate,http://rs.tdwg.org/plic/terms/,2021-01-08,2021-01-08,,,,,Mortality rate,Probability of dying; the ratio between the number of deaths in a given time interval to the number of subjects alive at the start of this interval,,,http://www.w3.org/1999/02/22-rdf-syntax-ns#Property,,PopulationBiology  |  DemographyAndThreat,,,,
2021-01-08T20:57:31-06:00,BirthRate,http://rs.tdwg.org/plic/terms/,2021-01-08,2021-01-08,,,,,Birth rate,Ratio of births to the total number of individuals in a population in a time period,,,http://www.w3.org/1999/02/22-rdf-syntax-ns#Property,,PopulationBiology  |  DemographyAndThreat,,,,
2021-01-08T20:57:31-06:00,NumberIndividualsPerObservation,http://rs.tdwg.org/plic/terms/,2021-01-08,2021-01-08,,,,,Number individuals per observation,Mean number of individuals per observation event or unit ,,,http://www.w3.org/1999/02/22-rdf-syntax-ns#Property,,PopulationBiology  |  DemographyAndThreat,,,,
2021-01-08T20:57:31-06:00,AverageDensity,http://rs.tdwg.org/plic/terms/,2021-01-08,2021-01-08,,,,,Average density,Average of the densities obtained for a population,,,http://www.w3.org/1999/02/22-rdf-syntax-ns#Property,,PopulationBiology  |  DemographyAndThreat,,,,
2021-01-08T20:57:31-06:00,PopulationTrend,http://rs.tdwg.org/plic/terms/,2021-01-08,2021-01-08,,,,,Population trend,"Changes of a population over time and can include changes in  distribution, biogeography (e.g., size of population), life-history (e.g., birth and death rates), etc",,,http://www.w3.org/1999/02/22-rdf-syntax-ns#Property,,PopulationBiology  |  DemographyAndThreat,,,,
2021-01-08T20:57:31-06:00,Recruitment,http://rs.tdwg.org/plic/terms/,2021-01-08,2021-01-08,,,,,Recruitment,"Information on the process by which young individuals (e.g., seedlings, larvae, propagules) become part of the adult population. It can be rate, scale, a description, etc.",,,http://www.w3.org/1999/02/22-rdf-syntax-ns#Property,,PopulationBiology  |  DemographyAndThreat,,,,
2021-01-08T20:57:31-06:00,PopulationGrowthRate,http://rs.tdwg.org/plic/terms/,2021-01-08,2021-01-08,,,,,Population growth rate,"Growth rate of a population in a given time period, based on births, deaths, emigration and immigration",,,http://www.w3.org/1999/02/22-rdf-syntax-ns#Property,,PopulationBiology  |  DemographyAndThreat,,,,
2021-01-08T20:57:31-06:00,Emigration,http://rs.tdwg.org/plic/terms/,2021-01-08,2021-01-08,,,,,Emigration,Information on  individuals leaving a population,,,http://www.w3.org/1999/02/22-rdf-syntax-ns#Property,,PopulationBiology  |  DemographyAndThreat,,,,
2021-01-08T20:57:31-06:00,Immigration,http://rs.tdwg.org/plic/terms/,2021-01-08,2021-01-08,,,,,Immigration,Information on individuals entering a population,,,http://www.w3.org/1999/02/22-rdf-syntax-ns#Property,,PopulationBiology  |  DemographyAndThreat,,,,
2021-01-08T20:57:31-06:00,DescriptionLifeStages,http://rs.tdwg.org/plic/terms/,2021-01-08,2021-01-08,,,,,Description life stages,Sex/age categories or life stages of a species; can be size in the case of plants,,,http://www.w3.org/1999/02/22-rdf-syntax-ns#Property,,PopulationBiology  |  DemographyAndThreat,,,,
2021-01-08T20:57:31-06:00,ProportionIndividualsPerStageLife,http://rs.tdwg.org/plic/terms/,2021-01-08,2021-01-08,,,,,ProportionIndividuals per stage life,Percentage of individuals that belong to each life stage in a population,,,http://www.w3.org/1999/02/22-rdf-syntax-ns#Property,,PopulationBiology  |  DemographyAndThreat,,,,
2021-01-08T20:57:31-06:00,CarryingCapacity,http://rs.tdwg.org/plic/terms/,2021-01-08,2021-01-08,,,,,Carrying capacity,Maximum population density possible as limited by the resources available for the population in the absence of predators and parasites,,,http://www.w3.org/1999/02/22-rdf-syntax-ns#Property,,PopulationBiology  |  DemographyAndThreat,,,,
2021-01-08T20:57:31-06:00,RecordMetadata,http://rs.tdwg.org/plic/terms/,2021-01-08,2021-01-08,,,,,record metadata,"This element includes the information about the Version, Revision,the language and target audiences of the Taxon Record.",,,http://www.w3.org/2000/01/rdf-schema#Class,,TaxonRecord,,,,
2021-01-08T20:57:31-06:00,reproductionAtomized,http://rs.tdwg.org/plic/terms/,2021-01-08,2021-01-08,,,,,atomized reproduction,Reproduction element in structured format,,,http://www.w3.org/1999/02/22-rdf-syntax-ns#Property,,Reproduction,,,,
2021-01-08T20:57:31-06:00,revision,http://rs.tdwg.org/plic/terms/,2021-01-08,2021-01-08,,,,,revision,"Creators, revision status and dates of the record",,,http://www.w3.org/2000/01/rdf-schema#Class,,RecordMetadata,,,,
2021-01-08T20:57:31-06:00,Reproduction,http://rs.tdwg.org/plic/terms/,2021-01-08,2021-01-08,,,,,reproduction,All data related to the production of offspring.,,,http://www.w3.org/1999/02/22-rdf-syntax-ns#Property,,NaturalHistory,,,,
2021-01-08T20:57:31-06:00,reproductionUnstructured,http://rs.tdwg.org/plic/terms/,2021-01-08,2021-01-08,,,,,unstructured reproduction,Reproduction element in text block format,,,http://www.w3.org/1999/02/22-rdf-syntax-ns#Property,,Reproduction,,,,
2021-01-08T20:57:31-06:00,synonymsAtomized,http://rs.tdwg.org/plic/terms/,2021-01-08,2021-01-08,,,,,atomized synonyms,list of synonyms in a structured format,,tsc:ScientificName,http://www.w3.org/2000/01/rdf-schema#Class,,Synonyms,,,,
2021-01-08T20:57:31-06:00,synonymsAtomizedType,http://rs.tdwg.org/plic/terms/,2021-01-08,2021-01-08,,,,,synonyms Atomized Type,Type for atomized synonyms,,"Los ""Type"" los eliminamos ¿no? (FP)",http://www.w3.org/1999/02/22-rdf-syntax-ns#Property,,Synonyms,,,,
2021-01-08T20:57:31-06:00,synonyms,http://rs.tdwg.org/plic/terms/,2021-01-08,2021-01-08,,,,,synonyms,Different names for this taxon.,,,http://www.w3.org/2000/01/rdf-schema#Class,,NomenclatureAndClassification,,,,
2021-01-08T20:57:31-06:00,synonymsType,http://rs.tdwg.org/plic/terms/,2021-01-08,2021-01-08,,,,,synonyms type,"A type of sequence of sequences of zero or more Atomized and Unstructured synonyms, each one with their optional ancillary data",,"Los ""Type"" los eliminamos ¿no? (FP)",http://www.w3.org/2000/01/rdf-schema#Class,,Synonyms,,,,
2021-01-08T20:57:31-06:00,synonymsUnstructured,http://rs.tdwg.org/plic/terms/,2021-01-08,2021-01-08,,,,,unstructured synonyms,list of synonyms elements in a text block format,,,http://www.w3.org/1999/02/22-rdf-syntax-ns#Property,,Synonyms,,,,
2021-01-08T20:57:31-06:00,SynonymName ,http://rs.tdwg.org/plic/terms/,2021-01-08,2021-01-08,,,,,Synonym name ,Scientific name of the synonym,,"tcs: ScientificName. An object that represents a single scientific biological name that either is, or appears to be, governed by one of the biological codes of nomenclature. These are not taxa. Taxa, whether accepted or not, are represented by TaxonConcept objects. Vernacular names are also dealt with under taxon concepts",http://www.w3.org/1999/02/22-rdf-syntax-ns#Property,,Synonyms |  NomenclatureAndClassification,,,,
2021-01-08T20:57:31-06:00,SynonymStatus,http://rs.tdwg.org/plic/terms/,2021-01-08,2021-01-08,,,,,Synonym status,Nomenclatural Status,,dc:nomenclaturalStatus. http://rs.tdwg.org/dwc/terms/index.htm#nomenclaturalStatus,http://www.w3.org/1999/02/22-rdf-syntax-ns#Property,,Synonyms |  NomenclatureAndClassification,,,,
2021-01-08T20:57:31-06:00,targetAudiences,http://rs.tdwg.org/plic/terms/,2021-01-08,2021-01-08,,,,,target audiences,"Type of sequence of sequences of zero or more Atomized and Unstructured synonyms, each one with their optional ancillary data","Biodiversity researchers, teachers and students, decision makers, professionals from another areas and general public.",,http://www.w3.org/1999/02/22-rdf-syntax-ns#Property,,SynonymsAtomized,,,,
2021-01-08T20:57:31-06:00,taxonomicalDescription,http://rs.tdwg.org/plic/terms/,2021-01-08,2021-01-08,,,,,taxonomic description,Description of Taxon,,"Description of Taxon: Brief description, Full description, Identification keys and Ancillary Data",http://www.w3.org/2000/01/rdf-schema#Class,,TaxonRecord,,,,
2021-01-08T20:57:31-06:00,taxonomicDescriptionType,http://rs.tdwg.org/plic/terms/,2021-01-08,2021-01-08,,,,,taxonomic description type,"Brief description, Full description, Identification keys and Ancillary Data.",,"Los ""Type"" los eliminamos ¿no? (FP)",,,,,,,
2021-01-08T20:57:31-06:00,taxonomicDescriptionUnstructured,http://rs.tdwg.org/plic/terms/,2021-01-08,2021-01-08,,,,,unstructured taxonomic description,TaxonomicDescription element in text block format,,,http://www.w3.org/1999/02/22-rdf-syntax-ns#Property,,TaxonomicDescription,,,,
2021-01-08T20:57:31-06:00,TaxonRecord,http://rs.tdwg.org/plic/terms/,2021-01-08,2021-01-08,,,,,taxon record,Information about the record.,,,http://www.w3.org/1999/02/22-rdf-syntax-ns#Property,,,,,,
2021-01-08T20:57:31-06:00,taxonRecordName,http://rs.tdwg.org/plic/terms/,2021-01-08,2021-01-08,,,,,taxon recordname,Complete information about the name of the taxon.,,tsc:ScientificName,http://www.w3.org/1999/02/22-rdf-syntax-ns#Property,,,,,,
2021-01-08T20:57:31-06:00,ScientificName,http://rs.tdwg.org/plic/terms/,2021-01-08,2021-01-08,,,,,Scientific name,"Canonical name enforcing strict inclusion of only nomenclatural information - not taxonomic information. The name entered here must comply with rules and recommendations of the international nomenclatural code pertaining to the organisms (Zoological, Botanical, of Cultivated Pants, or Bacteriological).",,,http://www.w3.org/1999/02/22-rdf-syntax-ns#Property,,TaxonRecordName,,,,
2021-01-08T20:57:31-06:00,territoryUnstructured,http://rs.tdwg.org/plic/terms/,2021-01-08,2021-01-08,,,,,unstructured territory,"Information associated mostly to vertebrates, referring to the territorial extension of the individual or group in terms of its activities (feeding, mating, etc.). As a text block.",,,http://www.w3.org/1999/02/22-rdf-syntax-ns#Property,,Territory,,,,
2021-01-08T20:57:31-06:00,territory,http://rs.tdwg.org/plic/terms/,2021-01-08,2021-01-08,,,,,territory,"Information, mostly associated to vertebrates, referring to the territorial extension of the individual or group in terms of its activities (feeding, mating, etc.).",,,http://www.w3.org/2000/01/rdf-schema#Class,,DemographyandThreat,,,,
2021-01-08T20:57:31-06:00,territoryAtomized,http://rs.tdwg.org/plic/terms/,2021-01-08,2021-01-08,,,,,territory atomized ,territory atomized ,,,http://www.w3.org/1999/02/22-rdf-syntax-ns#Property,,,,,,
2021-01-08T20:57:31-06:00,ExtentOfOccurrence,http://rs.tdwg.org/plic/terms/,2021-01-08,2021-01-08,,,,,Extent of occurrence,"Area contained within the shortest continuous imaginary boundary which can be drawn to encompass all the known, inferred or projected sites of present occurrence of a taxon, excluding cases of vagrancy.",,,http://www.w3.org/1999/02/22-rdf-syntax-ns#Property,,Territory |  DemographyAndThreat,,,,
2021-01-08T20:57:31-06:00,AreaOfOccupancy,http://rs.tdwg.org/plic/terms/,2021-01-08,2021-01-08,,,,,Area of occupancy,"Area within its 'extent of occurrence' (see EOO) which is occupied by a taxon, excluding cases of vagrancy. The measure reflects the fact that a taxon will not usually occur throughout the area of its extent of occurrence, which may contain unsuitable or unoccupied habitats.",,,http://www.w3.org/1999/02/22-rdf-syntax-ns#Property,,Territory |  DemographyAndThreat,,,,
2021-01-08T20:57:31-06:00,threatStatusUnstructured,http://rs.tdwg.org/plic/terms/,2021-01-08,2021-01-08,,,,,unstructured threat status,Information about the status of the taxon.As a text block.,,,http://www.w3.org/2000/01/rdf-schema#Class,,ThreatStatus,,,,
2021-01-08T20:57:31-06:00,threatStatus,http://rs.tdwg.org/plic/terms/,2021-01-08,2021-01-08,,,,,threat status,Information about the conservation status of the taxon.,,,http://www.w3.org/2000/01/rdf-schema#Class,,DemographyAndThreat,,,,
2021-01-08T20:57:31-06:00,threatStatusAtomized,http://rs.tdwg.org/plic/terms/,2021-01-08,2021-01-08,,,,,threat Status Atomized,ThreatStatus element in structured format.,,,http://www.w3.org/1999/02/22-rdf-syntax-ns#Property,,ThreatStatus,,,,
2021-01-08T20:57:31-06:00,ThreatCategory,http://rs.tdwg.org/plic/terms/,2021-01-08,2021-01-08,,,,,Threat category,Description of the conservation status.,,,http://www.w3.org/1999/02/22-rdf-syntax-ns#Property,,ThreatStatus |  DemographyAndThreat,,,,
2021-01-08T20:57:31-06:00,Authority,http://rs.tdwg.org/plic/terms/,2021-01-08,2021-01-08,,,,,Authority,Organism or institution that assess the status.,,,http://www.w3.org/1999/02/22-rdf-syntax-ns#Property,,ThreatStatus |  DemographyAndThreat,,,,
2021-01-08T20:57:31-06:00,AppliesTo,http://rs.tdwg.org/plic/terms/,2021-01-08,2021-01-08,,,,,Applies to,Location where the status is used.,,,http://www.w3.org/1999/02/22-rdf-syntax-ns#Property,,ThreatStatus |  DemographyAndThreat,,,,
2021-01-08T20:57:31-06:00,usesAtomized,http://rs.tdwg.org/plic/terms/,2021-01-08,2021-01-08,,,,,uses atomized ,"Ways in which species are utilized by people, including Folklore. Also applied to Animals and Fungi.",,,http://www.w3.org/2000/01/rdf-schema#Class,,Uses,,,,
2021-01-08T20:57:31-06:00,uses,http://rs.tdwg.org/plic/terms/,2021-01-08,2021-01-08,,,,,uses,Ways in which species are utilized by people,,,http://www.w3.org/2000/01/rdf-schema#Class,,UsesManagementandConservation,,,,
2021-01-08T20:57:31-06:00,usesManagementAndConservation,http://rs.tdwg.org/plic/terms/,2021-01-08,2021-01-08,,,,,uses management and conservation,"Ways in which species are utilized by people, including Folklore.",,,http://www.w3.org/1999/02/22-rdf-syntax-ns#Property,,ManagementAndConservationUnstructured,,,,
2021-01-08T20:57:31-06:00,usesManagementAndConservationUnstructured,http://rs.tdwg.org/plic/terms/,2021-01-08,2021-01-08,,,,,uses management and conservation unstructured ,UsesManagementAndConservation element in text block format.,,,http://www.w3.org/1999/02/22-rdf-syntax-ns#Property,,ManagementAndConservationUnstructured,,,,
2021-01-08T20:57:31-06:00,usesUnstructured,http://rs.tdwg.org/plic/terms/,2021-01-08,2021-01-08,,,,,unstructured uses,Uses in a unstructured format.,,,http://www.w3.org/1999/02/22-rdf-syntax-ns#Property,,Uses,,,,
2021-01-08T20:57:31-06:00,SourceOfInformation,http://rs.tdwg.org/plic/terms/,2021-01-08,2021-01-08,,,,,Source Of Information,"Where does the observation come from? Reference citations should be given. Where appropriate, voucher specimen details should be provided (collector, number, date, herbarium) as well as details of the recorded informant (name, gender, approximate age, occupation, ethnic identity, locality and spoken language).",,,http://www.w3.org/2000/01/rdf-schema#Class,,Uses |  UsesManagementAndConservation,,,,
2021-01-08T20:57:31-06:00,Use-Value,http://rs.tdwg.org/plic/terms/,2021-01-08,2021-01-08,,,,,Use-Value,"What is the plant used for, or what negative values does it have.",,,http://www.w3.org/1999/02/22-rdf-syntax-ns#Property,,Uses |  UsesManagementAndConservation,,,,
2021-01-08T20:57:31-06:00,PartUsed,http://rs.tdwg.org/plic/terms/,2021-01-08,2021-01-08,,,,,Part Used,"Acc. TDWG Economic Botany. Which plant parts are used, or have any negative values.",,,http://www.w3.org/1999/02/22-rdf-syntax-ns#Property,,Uses |  UsesManagementAndConservation,,,,
2021-01-08T20:57:31-06:00,Users,http://rs.tdwg.org/plic/terms/,2021-01-08,2021-01-08,,,,,Users,Acc. TDWG Economic Botany. The user group who recognizes the value and/or use of the plant.,,,http://www.w3.org/1999/02/22-rdf-syntax-ns#Property,,Uses |  UsesManagementAndConservation,,,,
2021-01-08T20:57:31-06:00,Organisms,http://rs.tdwg.org/plic/terms/,2021-01-08,2021-01-08,,,,,Organisms,Acc. TDWG Economic Botany. Organisms which use the plant/plant parts.,,,http://www.w3.org/1999/02/22-rdf-syntax-ns#Property,,Uses |  UsesManagementAndConservation,,,,
2021-01-08T20:57:31-06:00,VernacularNameUseAnnotations,http://rs.tdwg.org/plic/terms/,2021-01-08,2021-01-08,,,,,Vernacular Name Use Annotations,"Acc. TDWG Economic Botany. The name of the taxon must be distinguished from the name of theplant parts, the names of any processing stages, and the final product name. Names used in trade should be identified. It should also be mentioned if any vernacular name refers to more than one taxon. The use of some names may be restricted to a time of year or occasion, or have sacred connotations. The language or dialect to which the names belong should be stated along with details of the ethnic group. Care should be taken with transliteration into the Roman alphabet; if a standard system exists, use it and note which one it is.",,,http://www.w3.org/1999/02/22-rdf-syntax-ns#Property,,Uses |  UsesManagementAndConservation,,,,
2021-01-08T20:57:31-06:00,ProductionDetails,http://rs.tdwg.org/plic/terms/,2021-01-08,2021-01-08,,,,,Production Details,"Definition:        Acc. TDWG Economic Botany. (where relevant). Give details of protection, cultivation, harvesting, yields, processing and storage methods used and take note of special tools, timing etc.",,,http://www.w3.org/1999/02/22-rdf-syntax-ns#Property,,Uses |  UsesManagementAndConservation,,,,
2021-01-08T20:57:31-06:00,MeansOfApplication-Administration,http://rs.tdwg.org/plic/terms/,2021-01-08,2021-01-08,,,,,Means Of Application-Administration,"Acc. TDWG Economic Botany. This is specific relevant for medicines, poisons .",,,http://www.w3.org/1999/02/22-rdf-syntax-ns#Property,,Uses |  UsesManagementAndConservation,,,,
2021-01-08T20:57:31-06:00,SeasonOfAvailability-Use,http://rs.tdwg.org/plic/terms/,2021-01-08,2021-01-08,,,,,Season Of Availability-Use,"Acc. TDWG Economic Botany. The season in which the plant is available/is used and, if relevant, the time of day.",,,http://www.w3.org/2000/01/rdf-schema#Class,,Uses |  UsesManagementAndConservation,,,,
2021-01-08T20:57:31-06:00,Conservation-ExplotationData,http://rs.tdwg.org/plic/terms/,2021-01-08,2021-01-08,,,,,Conservation-Explotation Data,"Acc. TDWG Economic Botany. Frequency record of plants, details of regeneration, sustainability or over-exploitation and any locally imposed bans on felling or harvesting.",,,http://www.w3.org/1999/02/22-rdf-syntax-ns#Property,,Uses |  UsesManagementAndConservation,,,,
2021-01-08T20:57:31-06:00,UseTypeAtomized,http://rs.tdwg.org/plic/terms/,2021-01-08,2021-01-08,,,,,Use Type Atomized,"Acc. TDWG Economic Botany. Type of use: traditional, modern, industrial or just a possible use.",,,http://www.w3.org/1999/02/22-rdf-syntax-ns#Property,,Uses |  UsesManagementAndConservation,,,,
2021-01-08T20:57:31-06:00,Economics,http://rs.tdwg.org/plic/terms/,2021-01-08,2021-01-08,,,,,Economics,"Acc. TDWG Economic Botany. Real or potential existence of trade in live plants, plant parts or derivatives and, if so, the trade scale.",,,http://www.w3.org/1999/02/22-rdf-syntax-ns#Property,,Uses |  UsesManagementAndConservation,,,,
2021-01-08T20:57:31-06:00,RatingPopularity,http://rs.tdwg.org/plic/terms/,2021-01-08,2021-01-08,,,,,Rating Popularity,"Acc. TDWG Economic Botany. Assessment of the plant for its use and possible preference to other species, pointing out, in this case, which species are they.",,,http://www.w3.org/1999/02/22-rdf-syntax-ns#Property,,Uses |  UsesManagementAndConservation,,,,
2021-01-08T20:57:31-06:00,Properties,http://rs.tdwg.org/plic/terms/,2021-01-08,2021-01-08,,,,,Properties,Acc. TDWG Economic Botany. Details of properties which influence its value for a specified purpose.,,,http://www.w3.org/1999/02/22-rdf-syntax-ns#Property,,Uses |  UsesManagementAndConservation,,,,
2021-01-08T20:57:31-06:00,Potential,http://rs.tdwg.org/plic/terms/,2021-01-08,2021-01-08,,,,,Potential,"Acc. TDWG Economic Botany. Potential increase in the use, cultivation or production or possibility of introduction in other areas or social groups.",,,http://www.w3.org/1999/02/22-rdf-syntax-ns#Property,,Uses |  UsesManagementAndConservation,,,,
2021-01-08T20:57:31-06:00,UseNotes,http://rs.tdwg.org/plic/terms/,2021-01-08,2021-01-08,,,,,Use Notes,Notes about how species are utilized by people.,,,http://www.w3.org/1999/02/22-rdf-syntax-ns#Property,,Uses |  UsesManagementAndConservation,,,,
2021-01-08T20:57:31-06:00,value,http://rs.tdwg.org/plic/terms/,2021-01-08,2021-01-08,,,,,value,value,,,http://www.w3.org/1999/02/22-rdf-syntax-ns#Property,,,,,,
2021-01-08T20:57:31-06:00,version,http://rs.tdwg.org/plic/terms/,2021-01-08,2021-01-08,,,,,version,Number and date of the current version.,,,http://www.w3.org/1999/02/22-rdf-syntax-ns#Property,,,,,,
2021-01-08T20:57:31-06:00,id,http://rs.tdwg.org/plic/terms/,2021-01-08,2021-01-08,,,,,id,id,,,http://www.w3.org/1999/02/22-rdf-syntax-ns#Property,,,,,,
2021-01-08T20:57:31-06:00,taxonRecordID,http://rs.tdwg.org/plic/terms/,2021-01-08,2021-01-08,,,,,taxon record id,Unique identifier of the record within the database,,,http://www.w3.org/1999/02/22-rdf-syntax-ns#Property,,BaseElements,,,,
