term_localName,label,definition,usage,notes,type,controlled value string,tdwgutility_organizedInClass,equivalentXPath,SKOS_inSchema,tdwgutility_repeatable,examples,database,vann_preferredNamespacePrefix,vann_preferredNamespaceUri,
References,References,"Term borrowed from EOL (EOL: referenceType). It represents the references that an element could have, in one or more of the different format and schemas: BICI, CODEN,DOI, EISSN, HANDLE, ISBN, ISSN, LSID, OCLC, SICI, URL, URN",,corresponds to eol:referenceType,http://www.w3.org/2000/01/rdf-schema#Class,,Metadata,,,,,plic,plic,http://rs.tdwg.org/plic/terms/,
AnnualCycleUnstructured,Unstructured Annual Cycle,AnnualCyles element in text block format. ,,,http://www.w3.org/1999/02/22-rdf-syntax-ns#Property,,AnnualCycles,/Dataset/TaxonRecord/NaturalHistory/AnnualCycles/AnnualCycleUnstructured,,,,plic,plic,http://rs.tdwg.org/plic/terms/,
StartTimeInterval,Start Time Interval,"The date-time or interval at which an event starts. Recommended best practice is to use an encoding scheme, such as ISO 8601:2004(E).   A controlled vocabulary is recommended.",                                                                                                                                                                                                                                                                                                                                                                                                                                                                                                                                                                                                                                                                                                                                                                                                                                                                                                                                                                                                                                                                                                                                                        ,"e.g. ""1963-03-08T14:07-0600"" is 8 Mar 1963 2:07pm in the time zone six hours earlier than UTC, ""2009-02-20T08:40Z"" is 20 Feb 2009 8:40am UTC, ""1809-02-12"" is 12 Feb 1809, ""1906-06"" is Jun 1906, ""1971"" is just that year, ""2007-03-01T13:00:00Z/2008-05-11T15:30:00Z"" is the interval between 1 Mar 2007 1pm UTC and 11 May 2008 3:30pm UTC, ""2007-11-13/15"" is the interval between 13 Nov 2007 and 15 Nov 2007.",http://www.w3.org/1999/02/22-rdf-syntax-ns#Property,,AnnualCycles,/Dataset/TaxonRecord/NaturalHistory/AnnualCycles/AnnualCycleAtomized/startTimeInterval,,,,plic,plic,http://rs.tdwg.org/plic/terms/,
EndTimeInterval,End Time Interval,"The date-time or interval at which an event ends. Recommended best practice is to use an encoding scheme, such as ISO 8601:2004(E).  A controlled vocabulary is recommended.",,"e.g. ""1963-03-08T14:07-0600"" is 8 Mar 1963 2:07pm in the time zone six hours earlier than UTC, ""2009-02-20T08:40Z"" is 20 Feb 2009 8:40am UTC, ""1809-02-12"" is 12 Feb 1809, ""1906-06"" is Jun 1906, ""1971"" is just that year, ""2007-03-01T13:00:00Z/2008-05-11T15:30:00Z"" is the interval between 1 Mar 2007 1pm UTC and 11 May 2008 3:30pm UTC, ""2007-11-13/15"" is the interval between 13 Nov 2007 and 15 Nov 2007.",http://www.w3.org/1999/02/22-rdf-syntax-ns#Property,,AnnualCycles,/Dataset/TaxonRecord/NaturalHistory/AnnualCycles/AnnualCycleAtomized/endTimeInterval,,,,plic,plic,http://rs.tdwg.org/plic/terms/,
Event,Event,An action that occurs at some location during some time.  A controlled vocabulary is recommended.,,,http://www.w3.org/1999/02/22-rdf-syntax-ns#Property,,AnnualCycles,/Dataset/TaxonRecord/NaturalHistory/AnnualCycles/AnnualCycleAtomized/Event,,,,plic,plic,http://rs.tdwg.org/plic/terms/,
abstract,Abstract,A brief summary of the most relevant or attractive features of this taxon to the general public.  Could point to any kind of information. ,,Example: Blue whale is the largest mammal in the world. ,http://www.w3.org/1999/02/22-rdf-syntax-ns#Property,,Metadata,/Dataset/Metadata/dataset/abstract|/Dataset/TaxonRecord/BaseElements/Abstract,,,,plic,plic,http://rs.tdwg.org/plic/terms/,
taxonRecordID,Taxon Record id,Unique identifier of the record within the database.,,,http://www.w3.org/1999/02/22-rdf-syntax-ns#Property,,Metadata,/Dataset/TaxonRecord/BaseElements/TaxonRecordID|/Dataset/TaxonRecord/NomenclatureAndClassification/Hierarchy/ParentTaxon/TaxonRecordID,,,,plic,plic,http://rs.tdwg.org/plic/terms/,
CommonName,Common Name,The name of the common name. ,,From GBIF EML profile,http://www.w3.org/1999/02/22-rdf-syntax-ns#Property,,NomenclatureAndClassification,/Dataset/TaxonRecord/NomenclatureAndClassification/CommonNames/CommonNamesAtomized/CommonName,,,,plic,plic,http://rs.tdwg.org/plic/terms/,
UsedBy,Used By,Sometimes names used by one group of people are adopted by another.  ,,,http://www.w3.org/1999/02/22-rdf-syntax-ns#Property   ,,NomenclatureAndClassification,/Dataset/TaxonRecord/NomenclatureAndClassification/CommonNames/CommonNamesAtomized/UsedBy,,,,plic,plic,http://rs.tdwg.org/plic/terms/,
commonNamesUnstructured,unstructured common names,CommonNames element in text block format.,,,http://www.w3.org/1999/02/22-rdf-syntax-ns#Property,,NomenclatureAndClassification,/Dataset/TaxonRecord/NomenclatureAndClassification/CommonNames/CommonNamesUnstructured,,,,plic,plic,http://rs.tdwg.org/plic/terms/,
demographyAndThreatUnstructured,Unstructured Demography And Threat,demographyAndThreat element in unstructured format. ,,,http://www.w3.org/1999/02/22-rdf-syntax-ns#Property,,DemographyAndThreat,/Dataset/TaxonRecord/DemographyAndThreat/DemographyAndThreatUnstructured,,,,plic,plic,http://rs.tdwg.org/plic/terms/,
legislationUnstructured,Unstructured Legislation,legislation element in text block format.,,,http://www.w3.org/1999/02/22-rdf-syntax-ns#Property,,DemographyAndThreat,/Dataset/TaxonRecord/DemographyAndThreat/Legislation/LegislationUnstructured,,,,plic,plic,http://rs.tdwg.org/plic/terms/,
LegislationName,Legislation Name,Word or phrase to designate the law or group of laws.,,,http://www.w3.org/1999/02/22-rdf-syntax-ns#Property,,DemographyAndThreat,/Dataset/TaxonRecord/DemographyAndThreat/Legislation/LegislationAtomized/LegislationName,,,,plic,plic,http://rs.tdwg.org/plic/terms/,
ProtectionLegalStatus,Protection Legal Status,Description of the legal status.,,,http://www.w3.org/1999/02/22-rdf-syntax-ns#Property,,DemographyAndThreat,/Dataset/TaxonRecord/DemographyAndThreat/Legislation/LegislationAtomized/ProtectionLegalStatus,,,,plic,plic,http://rs.tdwg.org/plic/terms/,
LegislationRead,Legislation Read,The oficial document in which the user can read the legislation.,,,http://www.w3.org/1999/02/22-rdf-syntax-ns#Property,,DemographyAndThreat,/Dataset/TaxonRecord/DemographyAndThreat/Legislation/LegislationAtomized/LegislationRead,,,,plic,plic,http://rs.tdwg.org/plic/terms/,
legislationStatus,Legislation Status,"Whether a piece of legislation is in force, or superseded, etc.",,,http://www.w3.org/1999/02/22-rdf-syntax-ns#Property,,DemographyAndThreat,/Dataset/TaxonRecord/DemographyAndThreat/Legislation/LegislationAtomized/LegislationStatus,,,,plic,plic,http://rs.tdwg.org/plic/terms/,
legislationType,Legislation Type,Category of the piece of legislation.,,,http://www.w3.org/1999/02/22-rdf-syntax-ns#Property,,DemographyAndThreat,/Dataset/TaxonRecord/DemographyAndThreat/Legislation/LegislationAtomized/LegislationType,,,,plic,plic,http://rs.tdwg.org/plic/terms/,
legalNorm,Legal Norm,"Norms are general legal principles that are widely accepted. This acceptance is evidenced in a number of ways, such as international agreements, national legislation, domestic and international judicial decisions, and scholarly writings.",,,http://www.w3.org/1999/02/22-rdf-syntax-ns#Property,,DemographyAndThreat,/Dataset/TaxonRecord/DemographyAndThreat/Legislation/LegislationAtomized/LegalNorm,,,,plic,plic,http://rs.tdwg.org/plic/terms/,
DispersalUnstructured,Unstructured Dispersal,Dispersal element in text block format.,,,http://www.w3.org/1999/02/22-rdf-syntax-ns#Property,,Dispersal,/Dataset/TaxonRecord/NaturalHistory/Dispersal/DispersalUnstructured,,,,plic,plic,http://rs.tdwg.org/plic/terms/,
Purpose,Purpose,Makes reference to any data being measured.,,It includes elements of type MeasurmentsOrFacts,http://www.w3.org/1999/02/22-rdf-syntax-ns#Property,,Dispersal,/Dataset/Metadata/dataset/purpose|/Dataset/TaxonRecord/NaturalHistory/Dispersal/DispersalAtomized/Purpose,,,,plic,plic,http://rs.tdwg.org/plic/terms/,
DispersalMeans,Dispersal Means,"VCR. Zoochory, Anemochory, Hydrochory, Barochory, Autochory.",,"Type of dispersal, a controlled vocabulary is recommended.",http://www.w3.org/2004/02/skos/core#ConceptScheme ,,Dispersal,/Dataset/TaxonRecord/NaturalHistory/Dispersal/DispersalAtomized/DispersalMeans,,,,plic,plic,http://rs.tdwg.org/plic/terms/,
StructureDispersed,Structure Dispersed ,"VCR: Seed, Fruit, Vegetative structure, Spores, Gametes, Eggs, Offspring and Individuals.",,"Structured that is dispersed for a given biologial propose, a controlled vocabulary is recommended.",http://www.w3.org/2004/02/skos/core#ConceptScheme ,,Dispersal,/Dataset/TaxonRecord/NaturalHistory/Dispersal/DispersalAtomized/StructureDispersed,,,,plic,plic,http://rs.tdwg.org/plic/terms/,
Distance,Distance,The distance reached by the structured dispersed.,,It includes elements of type MeasurmentsOrFacts,http://www.w3.org/1999/02/22-rdf-syntax-ns#Property ,,Dispersal,/Dataset/TaxonRecord/NaturalHistory/Dispersal/DispersalAtomized/Distance,,,Dispersal distance. e.g. 450 m. ,plic,plic,http://rs.tdwg.org/plic/terms/,
FeedingType,Feeding Type,Primary diet source. A controlled vocabulary is recommended.,,,http://www.w3.org/1999/02/22-rdf-syntax-ns#Property,,Feeding,/Dataset/TaxonRecord/NaturalHistory/Feeding/FeedingAtomized/FeedingType,,,,plic,plic,http://rs.tdwg.org/plic/terms/,
ecologicalSignificanceAtomized,Atomized Ecological Significance,Ecological Significance element in structured format.,,,http://www.w3.org/1999/02/22-rdf-syntax-ns#Property,,EcologicalSignificance,/Dataset/TaxonRecord/NaturalHistory/EcologicalSignificance/EcologicalSignificanceAtomized,,,,plic,plic,http://rs.tdwg.org/plic/terms/,
ecologicalSignificanceUnstructured,Unstructured Ecological Significance,Ecological Significance element in text block format.,,,http://www.w3.org/1999/02/22-rdf-syntax-ns#Property,,EcologicalSignificance,/Dataset/TaxonRecord/NaturalHistory/EcologicalSignificance/EcologicalSignificanceUnstructured,,,,plic,plic,http://rs.tdwg.org/plic/terms/,
environmentalEnvelopeAtomized,Atomized Environmental Envelope,Environmental envelope of a species expressed as an enumeration of measures and parameters.,,,http://www.w3.org/1999/02/22-rdf-syntax-ns#Property,,EnvironmentalEnvelope,/Dataset/TaxonRecord/NaturalHistory/EnvironmentalEnvelope/EnvironmentalEnvelopeAtomized,,,,plic,plic,http://rs.tdwg.org/plic/terms/,
environmentalEnvelopeUnstructured,Unstructured Environmental Envelope,environmentalEnvelope as a text block.,,,http://www.w3.org/1999/02/22-rdf-syntax-ns#Property,,EnvironmentalEnvelope,/Dataset/TaxonRecord/NaturalHistory/EnvironmentalEnvelope/EnvironmentalEnvelopeUnstructured,,,,plic,plic,http://rs.tdwg.org/plic/terms/,
feedingUnstructured,Unstructured Feeding,feeding element in text block format.,,,http://www.w3.org/1999/02/22-rdf-syntax-ns#Property,,Feeding,/Dataset/TaxonRecord/NaturalHistory/Feeding/FeedingUnstructured,,,,plic,plic,http://rs.tdwg.org/plic/terms/,
DistributionUnstructured,Unstructured Distribution,Distribution element in text block format.,,,http://www.w3.org/1999/02/22-rdf-syntax-ns#Property,,HabitatAndDistribution,/Dataset/TaxonRecord/DemographyAndThreat/Legislation/LegislationAtomized/AppliesTo/DistributionUnstructured|/Dataset/TaxonRecord/DemographyAndThreat/ThreatStatus/ThreatStatusAtomized/AppliesTo/DistributionUnstructured|/Dataset/TaxonRecord/HabitatAndDistribution/Distribution/DistributionUnstructured|/Dataset/TaxonRecord/NomenclatureAndClassification/CommonNames/CommonNamesAtomized/UsedIn/DistributionUnstructured,,,,plic,plic,http://rs.tdwg.org/plic/terms/,
DistributionScope,Distribution Scope,List of regions structured and categorized., ,"A controlled vocabulary is recommended. e.g. Historical, Current, Restricted and Wide. ",http://www.w3.org/1999/02/22-rdf-syntax-ns#Property,,HabitatAndDistribution,/Dataset/TaxonRecord/DemographyAndThreat/Legislation/LegislationAtomized/AppliesTo/DistributionScope|/Dataset/TaxonRecord/DemographyAndThreat/ThreatStatus/ThreatStatusAtomized/AppliesTo/DistributionScope|/Dataset/TaxonRecord/HabitatAndDistribution/Distribution/DistributionScope|/Dataset/TaxonRecord/NomenclatureAndClassification/CommonNames/CommonNamesAtomized/UsedIn/DistributionScope,,,,plic,plic,http://rs.tdwg.org/plic/terms/,
TemporalCoverage,Temporal Coverage,"This field specifies temporal coverage of the distribution, and allows coverages to be a single point in time, multiple points in time, or a range of dates.",,From GBIF EML profile,http://www.w3.org/1999/02/22-rdf-syntax-ns#Property,,HabitatAndDistribution,/Dataset/TaxonRecord/DemographyAndThreat/Legislation/LegislationAtomized/AppliesTo/temporalCoverage|/Dataset/TaxonRecord/DemographyAndThreat/ThreatStatus/ThreatStatusAtomized/AppliesTo/temporalCoverage|/Dataset/TaxonRecord/HabitatAndDistribution/Distribution/temporalCoverage|/Dataset/TaxonRecord/NomenclatureAndClassification/CommonNames/CommonNamesAtomized/UsedIn/temporalCoverage,,,,plic,plic,http://rs.tdwg.org/plic/terms/,
GeographicEntity,Geographic Entity,Name of the geographic entity. ,,A controlled vocabulary --as specified in the Catalogue element-- is recommended. e.g. Spain; Aguascalientas; Alabama; Ambon,http://www.w3.org/1999/02/22-rdf-syntax-ns#Property ,,HabitatAndDistribution,/Dataset/TaxonRecord/DemographyAndThreat/Legislation/LegislationAtomized/AppliesTo/Distribution/DistributionAtomized/GeographicEntity|/Dataset/TaxonRecord/DemographyAndThreat/ThreatStatus/ThreatStatusAtomized/AppliesTo/Distribution/DistributionAtomized/GeographicEntity|/Dataset/TaxonRecord/NomenclatureAndClassification/CommonNames/CommonNamesAtomized/UsedIn/DistributionAtomized/GeographicEntity|/Dataset/TaxonRecord/HabitatAndDistribution/Distribution/DistributionAtomized/GeographicEntity,,,,plic,plic,http://rs.tdwg.org/plic/terms/,
EndemicTo,Endemic To,A territory in which an endemic species appear. A controlled vocabulary is recommended. The term may go from local to above-country levels.,,"Examples: Giant panda (Ailuropoda melanoleuca (David, 1869) endemic to China. Quetzal Resplendent (Pharomachrus mocinno de la Llave, 1832) endemic to Mexico, Guatemala, Honduras, El Salvador, Nicaragua, Costa Rica and Panama.",http://www.w3.org/1999/02/22-rdf-syntax-ns#Property,,HabitatAndDistribution,/Dataset/TaxonRecord/HabitatAndDistribution/Endemic/EndemicAtomized/EndemicTo,,,,plic,plic,http://rs.tdwg.org/plic/terms/,
EndemicIn,Endemic In,The area that works as a context for specifying endemic areas of a species. A controlled vocabulary is recommended. The term may go from local to above-country levels.,,"If not specified, the Earth as a whole is assumed as the geographical context. Examples:  Vicu√±a (Vicugna vicugna Molina, 1782) endemic to the Andean region **in South America**. Manzanilla Real (Artemisia granatensis Boiss.) endemic in the peaks of Sierra Nevada (**in Spain**).",http://www.w3.org/1999/02/22-rdf-syntax-ns#Property,,HabitatAndDistribution,/Dataset/TaxonRecord/HabitatAndDistribution/Endemic/EndemicAtomized/EndemicIn,,,,plic,plic,http://rs.tdwg.org/plic/terms/,
endemicUnstructured,Unstructured Endemic,Information on the endemicity of a species as a text block.,,,http://www.w3.org/1999/02/22-rdf-syntax-ns#Property,,HabitatAndDistribution,/Dataset/TaxonRecord/HabitatAndDistribution/Endemic/EndemicUnstructured,,,,plic,plic,http://rs.tdwg.org/plic/terms/,
habitatAtomized,Atomized Habitat,habitatAndDistribution element in structured format.,,,http://www.w3.org/1999/02/22-rdf-syntax-ns#Property,,HabitatAndDistribution,/Dataset/TaxonRecord/HabitatAndDistribution/Habitats/HabitatAtomized,,,,plic,plic,http://rs.tdwg.org/plic/terms/,
habitatAndDistributionUnstructured,Unstructured Habitat And Distribution,habitatAndDistribution element in text block format.,,,http://www.w3.org/1999/02/22-rdf-syntax-ns#Property,,HabitatAndDistribution,/Dataset/TaxonRecord/HabitatAndDistribution/HabitatAndDistributionUnstructured,,,,plic,plic,http://rs.tdwg.org/plic/terms/,
habitatUnstructured,Unstructured Habitat,habitat element in text block format.,,,http://www.w3.org/1999/02/22-rdf-syntax-ns#Property,,HabitatAndDistribution,/Dataset/TaxonRecord/HabitatAndDistribution/Habitats/HabitatUnstructured,,,,plic,plic,http://rs.tdwg.org/plic/terms/,
SpeciesInteraction,Species Interaction ,"Information category concerning relations between resources (instances or records, such as Occurrences, Taxa, Locations, Events,...).",,,http://www.w3.org/1999/02/22-rdf-syntax-ns#Property,,Interactions,/Dataset/TaxonRecord/NaturalHistory/Interactions/InteractionAtomized/SpeciesInteraction,,,,plic,plic,http://rs.tdwg.org/plic/terms/,
SpeciesInteractionType,Species Interaction Type,String with the type of interaction. Each element is separated by comma and each list of elements by.,,,http://www.w3.org/1999/02/22-rdf-syntax-ns#Property,,Interactions,/Dataset/TaxonRecord/NaturalHistory/Interactions/InteractionAtomized/SpeciesInteractionType,,,,plic,plic,http://rs.tdwg.org/plic/terms/,
invasivenessUnstructured,Unstructured Invasiveness,invasiveness element in text block format.,,,http://www.w3.org/1999/02/22-rdf-syntax-ns#Property,,Invasiveness,/Dataset/TaxonRecord/Invasiveness/InvasivenessUnstructured,,,,plic,plic,http://rs.tdwg.org/plic/terms/,
WhatImpact,What Impact,"An indication of the actual impact as a free text string. e.g. destroys  riparian vegetation, destroys irrigation systems, displaces Arvicola  sapidus.",,,http://www.w3.org/1999/02/22-rdf-syntax-ns#Property,,Invasiveness,/Dataset/TaxonRecord/Invasiveness/InvasivenessAtomized/WhatImpact,,,,plic,plic,http://rs.tdwg.org/plic/terms/,
vector,Vector,"By which means a species occupies a new territory. e.g. fishing boats; dirty boots, cars (Aedes albopictus).",,,http://www.w3.org/1999/02/22-rdf-syntax-ns#Property,,Invasiveness,/Dataset/TaxonRecord/Invasiveness/InvasivenessAtomized/vector,,,,plic,plic,http://rs.tdwg.org/plic/terms/,
Route,Route,This is equivalent and probably replaceable by gisin:route.,,,http://www.w3.org/1999/02/22-rdf-syntax-ns#Property,,Invasiveness,/Dataset/TaxonRecord/Invasiveness/InvasivenessAtomized/Route,,,,plic,plic,http://rs.tdwg.org/plic/terms/,
impactTarget,Impact Target,This is equivalent and probably replaceable by gisin:impactTarget.,,,http://www.w3.org/2004/02/skos/core#ConceptScheme,,Invasiveness,/Dataset/TaxonRecord/Invasiveness/InvasivenessAtomized/impactTarget,,,,plic,plic,http://rs.tdwg.org/plic/terms/,
impactMechanism,Impact Mechanism,Mechanism of introduction or impact to a new location.,,,http://www.w3.org/2004/02/skos/core#ConceptScheme,,Invasiveness,/Dataset/TaxonRecord/Invasiveness/InvasivenessAtomized/impactMechanism,,,,plic,plic,http://rs.tdwg.org/plic/terms/,
lifeCycleAtomized,Atomized Life Cycle,lifeCycle element in structured format.,,,http://www.w3.org/1999/02/22-rdf-syntax-ns#Property,,LifeCycle,/Dataset/TaxonRecord/NaturalHistory/LifeCycle/LifeCycleAtomized,,,,plic,plic,http://rs.tdwg.org/plic/terms/,
lifeCycleUnstructured,Unstructured Life Cycle,lifeCycle element in text block format.,,,http://www.w3.org/1999/02/22-rdf-syntax-ns#Property,,LifeCycle,/Dataset/TaxonRecord/NaturalHistory/LifeCycle/LifeCycleUnstructured,,,,plic,plic,http://rs.tdwg.org/plic/terms/,
lifeFormAtomized,Atomized Life Form,lifeCycleForm element in structured format.,,,http://www.w3.org/1999/02/22-rdf-syntax-ns#Property,,LifeForm,/Dataset/TaxonRecord/NaturalHistory/LifeForm/LifeFormAtomized,,,,plic,plic,http://rs.tdwg.org/plic/terms/,
lifeFormUnstructured,Unstructured Life Form,lifeCycleForm element in text block format.,,,http://www.w3.org/1999/02/22-rdf-syntax-ns#Property,,LifeForm,/Dataset/TaxonRecord/NaturalHistory/LifeForm/LifeFormUnstructured,,,,plic,plic,http://rs.tdwg.org/plic/terms/,
citation,Citation,"A single citation for use when citing the dataset. e.g. http://www.researchgate.net/publication/28271701_Sobre_la_presencia_de_Callithamnion_sepositum_%28Ceramiales_Rhodophyta%29_en_las_costas_de_la_Pennsula_Ibrica Type: xs:anyURY. A URI, DOI or other persistent identifier for the citation.",,,http://www.w3.org/1999/02/22-rdf-syntax-ns#Property,,Metadata,/Dataset/Metadata/citation,,,,plic,plic,http://rs.tdwg.org/plic/terms/,
Dataset_ID,Dataset ID,An identifier for the dataset.,,,http://www.w3.org/1999/02/22-rdf-syntax-ns#Property,,Metadata,/Dataset/Metadata/Dataset_ID,,,,plic,plic,http://rs.tdwg.org/plic/terms/,
dataset,dataset,The dataset element is a wrapper for all other elements relating to a single dataset as defined in eml.xsd (eml/dataset).,,From GBIF EML profile,http://www.w3.org/1999/02/22-rdf-syntax-ns#Property,,Metadata,/Dataset|/Dataset/Metadata/dataset,,,,plic,plic,http://rs.tdwg.org/plic/terms/,
resourceLogoUrl,resourceLogoUrl,The URI of an icon/logo symbolizing the project.,,,http://www.w3.org/1999/02/22-rdf-syntax-ns#Property,,Metadata,/Dataset/Metadata/resourceLogoUrl,,,,plic,plic,http://rs.tdwg.org/plic/terms/,
migratoryUnstructured,unstructured migratory,"The regular, usually seasonal, movement of all or part of an animal population to and from a given area, which can occur in variable periods of time and even involve more than one generation as text block.",,,http://www.w3.org/1999/02/22-rdf-syntax-ns#Property,,Migratory,/Dataset/TaxonRecord/NaturalHistory/Migratory/MigratoryUnstructured,,,,plic,plic,http://rs.tdwg.org/plic/terms/,
Causes,Causes,Reasons for the species to move from one place to another in a specific lap.,,,http://www.w3.org/2004/02/skos/core#ConceptScheme,,Migratory,/Dataset/TaxonRecord/NaturalHistory/Migratory/MigratoryAtomized/Causes,,yes,,plic,plic,http://rs.tdwg.org/plic/terms/,
Patterns,Patterns,Displacement of the species in space.,,,http://www.w3.org/2004/02/skos/core#ConceptScheme,,Migratory,/Dataset/TaxonRecord/NaturalHistory/Migratory/MigratoryAtomized/Patterns,,,,plic,plic,http://rs.tdwg.org/plic/terms/,
Routes,Routes,Trajectory followed by the species.,,,http://www.w3.org/1999/02/22-rdf-syntax-ns#Property,,Migratory,/Dataset/TaxonRecord/NaturalHistory/Migratory/MigratoryAtomized/Routes,,,,plic,plic,http://rs.tdwg.org/plic/terms/,
Season,Season,Time of year in which a species migrates.,,,http://www.w3.org/1999/02/22-rdf-syntax-ns#Property,,Migratory,/Dataset/TaxonRecord/NaturalHistory/Migratory/MigratoryAtomized/Season,,,,plic,plic,http://rs.tdwg.org/plic/terms/,
MolecularDataAtomized,atomized molecular data,MolecularData element in structured format.,,It includes elements of type MeasurmentsOrFacts,http://www.w3.org/1999/02/22-rdf-syntax-ns#Property,,MolecularData,/Dataset/TaxonRecord/NaturalHistory/MolecularData/MolecularDataAtomized,,,,plic,plic,http://rs.tdwg.org/plic/terms/,
MolecularDataUnstructured,unstructured molecular data,MolecularData as a text block.,,,http://www.w3.org/1999/02/22-rdf-syntax-ns#Property,,MolecularData,/Dataset/TaxonRecord/NaturalHistory/MolecularData/MolecularDataUnstructured,,,,plic,plic,http://rs.tdwg.org/plic/terms/,
RelatedTo,RelatedTo,Specifies to which PlinianCore term the information contained under MolecularDataAtomized refers to. The controlled vocabulary is list of content-bearing PlinianCore elements.,,,http://www.w3.org/1999/02/22-rdf-syntax-ns#Property,,MolecularData,/Dataset/TaxonRecord/NaturalHistory/Dispersal/DispersalAtomized/Distance/RelatedTo|/Dataset/TaxonRecord/NaturalHistory/Dispersal/DispersalAtomized/Purpose/RelatedTo|/Dataset/TaxonRecord/NaturalHistory/MolecularData/MolecularDataAtomized/RelatedTo,,,,plic,plic,http://rs.tdwg.org/plic/terms/,
behaviorAtomized,Atomized Behavior,"Responses, reactions or movements made by an organism in a particular situation.  ",,,http://www.w3.org/1999/02/22-rdf-syntax-ns#Property,,Behavior,/Dataset/TaxonRecord/NaturalHistory/Behavior/BehaviorAtomized,,,0,plic,plic,http://rs.tdwg.org/plic/terms/,
behaviorUnstructured,Unstructured Behavior,"Responses, reactions or movements made by an organism in a particular situation.  ",,,http://www.w3.org/1999/02/22-rdf-syntax-ns#Property,,Behavior,/Dataset/TaxonRecord/NaturalHistory/Behavior/BehaviorUnstructured,,,,plic,plic,http://rs.tdwg.org/plic/terms/,
NaturalHistoryUnstructured,Natural History Unstructured,"NaturalHistory element in text block format. This term is an unstructured alternative that may fit in an structured way in terms under the following categories:  TaxonomicDescription, LifeForm, LifeCycle, Reproduction, AnnualCycles, Feeding, Dispersal, Behavior, Interactions, MolecularData, Migratory, EcologicalSignificance, MiscDetails, EnvironmentalEnvelope.",,,http://www.w3.org/1999/02/22-rdf-syntax-ns#Property,,NaturalHistory,/Dataset/TaxonRecord/NaturalHistory/NaturalHistoryUnstructured,,,,plic,plic,http://rs.tdwg.org/plic/terms/,
NomenclatureAndClassificationUnstructured,Nomenclature and Classification Unstructured,"Information on the taxon name, synonyms, nomenclatural status, common names, and taxonomic hierarchy; plus  misc. details and ancillary data.",,,http://www.w3.org/1999/02/22-rdf-syntax-ns#Property,,NomenclatureAndClassification,/Dataset/TaxonRecord/NomenclatureAndClassification/NomenclatureAndClassificationUnstructured,,,,plic,plic,http://rs.tdwg.org/plic/terms/,
detailUnstructured,Detail Unstructured,MiscDetail element in text block format.,,,http://www.w3.org/1999/02/22-rdf-syntax-ns#Property,,NomenclatureAndClassification,/Dataset/TaxonRecord/NaturalHistory/MiscDetails/DetailUnstructured|/Dataset/TaxonRecord/NomenclatureAndClassification/MiscDetails/DetailUnstructured,,,,plic,plic,http://rs.tdwg.org/plic/terms/,
detailAtomized,Atomized Detail,MiscDetail element in structured format.,,,http://www.w3.org/1999/02/22-rdf-syntax-ns#Property,,NomenclatureAndClassification,/Dataset/TaxonRecord/NaturalHistory/MiscDetails/DetailAtomized|/Dataset/TaxonRecord/NomenclatureAndClassification/MiscDetails/DetailAtomized,,,,plic,plic,http://rs.tdwg.org/plic/terms/,PREGUNTAR A PACO VER COMENTARIOS
populationBiologyUnstructured,unstructured population biology,Population biology data as a text block.,,,http://www.w3.org/1999/02/22-rdf-syntax-ns#Property,,DemographyAndThreat,/Dataset/TaxonRecord/DemographyAndThreat/PopulationBiology/PopulationBiologyUnstructured,,,,plic,plic,http://rs.tdwg.org/plic/terms/,
BirthRate,Birth rate,Ratio of births to the total number of individuals in a population in a time period.,,,http://www.w3.org/1999/02/22-rdf-syntax-ns#Property,,DemographyAndThreat,/Dataset/TaxonRecord/DemographyAndThreat/PopulationBiology/PopulationBiologyAtomized/BirthRate,,,,plic,plic,http://rs.tdwg.org/plic/terms/,
NumberIndividualsPerObservation,Number individuals per observation,Mean number of individuals per observation event or unit.,,,http://www.w3.org/1999/02/22-rdf-syntax-ns#Property,,DemographyAndThreat,/Dataset/TaxonRecord/DemographyAndThreat/PopulationBiology/PopulationBiologyAtomized/NumberIndividualsPerObservation,,,,plic,plic,http://rs.tdwg.org/plic/terms/,
AverageDensity,Average density,Average of the densities obtained for a population.,,,http://www.w3.org/1999/02/22-rdf-syntax-ns#Property,,DemographyAndThreat,/Dataset/TaxonRecord/DemographyAndThreat/PopulationBiology/PopulationBiologyAtomized/AverageDensity,,,,plic,plic,http://rs.tdwg.org/plic/terms/,
PopulationTrend,Population trend,"Changes of a population over time and can include changes in  distribution, biogeography (e.g., size of population), life-history (e.g., birth and death rates), etc.",,,http://www.w3.org/1999/02/22-rdf-syntax-ns#Property,,DemographyAndThreat,/Dataset/TaxonRecord/DemographyAndThreat/PopulationBiology/PopulationBiologyAtomized/PopulationTrend,,,,plic,plic,http://rs.tdwg.org/plic/terms/,
Recruitment,Recruitment,"Information on the process by which young individuals (e.g., seedlings, larvae, propagules) become part of the adult population. It can be rate, scale, a description, etc.",,,http://www.w3.org/1999/02/22-rdf-syntax-ns#Property,,DemographyAndThreat,/Dataset/TaxonRecord/DemographyAndThreat/PopulationBiology/PopulationBiologyAtomized/Recruitment,,,,plic,plic,http://rs.tdwg.org/plic/terms/,
PopulationGrowthRate,Population growth rate,"Growth rate of a population in a given time period, based on births, deaths, emigration and immigration.",,,http://www.w3.org/1999/02/22-rdf-syntax-ns#Property,,DemographyAndThreat,/Dataset/TaxonRecord/DemographyAndThreat/PopulationBiology/PopulationBiologyAtomized/PopulationGrowthRate,,,,plic,plic,http://rs.tdwg.org/plic/terms/,
Emigration,Emigration,Information on  individuals leaving a population.,,,http://www.w3.org/1999/02/22-rdf-syntax-ns#Property,,DemographyAndThreat,/Dataset/TaxonRecord/DemographyAndThreat/PopulationBiology/PopulationBiologyAtomized/Emigration,,,,plic,plic,http://rs.tdwg.org/plic/terms/,
Immigration,Immigration,Information on individuals entering a population.,,,http://www.w3.org/1999/02/22-rdf-syntax-ns#Property,,DemographyAndThreat,/Dataset/TaxonRecord/DemographyAndThreat/PopulationBiology/PopulationBiologyAtomized/Immigration,,,,plic,plic,http://rs.tdwg.org/plic/terms/,
DescriptionLifeStages,Description life stages,Sex/age categories or life stages of a species; can be size in the case of plants.,,,http://www.w3.org/1999/02/22-rdf-syntax-ns#Property,,DemographyAndThreat,/Dataset/TaxonRecord/DemographyAndThreat/PopulationBiology/PopulationBiologyAtomized/DescriptionLifeStages,,,,plic,plic,http://rs.tdwg.org/plic/terms/,
ProportionIndividualsPerStageLife,ProportionIndividuals per stage life,Percentage of individuals that belong to each life stage in a population.,,,http://www.w3.org/1999/02/22-rdf-syntax-ns#Property,,DemographyAndThreat,/Dataset/TaxonRecord/DemographyAndThreat/PopulationBiology/PopulationBiologyAtomized/ProportionIndividualsPerStageLife,,,,plic,plic,http://rs.tdwg.org/plic/terms/,
CarryingCapacity,Carrying capacity,Maximum population density possible as limited by the resources available for the population in the absence of predators and parasites.,,,http://www.w3.org/1999/02/22-rdf-syntax-ns#Property,,DemographyAndThreat,/Dataset/TaxonRecord/DemographyAndThreat/PopulationBiology/PopulationBiologyAtomized/CarryingCapacity,,,,plic,plic,http://rs.tdwg.org/plic/terms/,
AbundanceData,AbundanceData,The relative representation of a species population in relation to other species or multiple species in a particular territory.,,,http://www.w3.org/1999/02/22-rdf-syntax-ns#Property,,DemographyAndThreat,/Dataset/TaxonRecord/DemographyAndThreat/PopulationBiology/PopulationBiologyAtomized/AbundanceData,,,,plic,plic,http://rs.tdwg.org/plic/terms/,
DensityData,DensityData,Population size in relation to a defined space unit.,,,http://www.w3.org/1999/02/22-rdf-syntax-ns#Property,,DemographyAndThreat,/Dataset/TaxonRecord/DemographyAndThreat/PopulationBiology/PopulationBiologyAtomized/DensityData,,,,plic,plic,http://rs.tdwg.org/plic/terms/,
PatternDistribution,Pattern distribution,The spatial arrangement of the individuals of a population in the territory it occupies.,,,http://www.w3.org/1999/02/22-rdf-syntax-ns#Property,,DemographyAndThreat,/Dataset/TaxonRecord/DemographyAndThreat/PopulationBiology/PopulationBiologyAtomized/PatternDistribution,,,,plic,plic,http://rs.tdwg.org/plic/terms/,
Size,Size,Number of individual organisms in a population.,,,http://www.w3.org/1999/02/22-rdf-syntax-ns#Property,,DemographyAndThreat,/Dataset/TaxonRecord/DemographyAndThreat/PopulationBiology/PopulationBiologyAtomized/Size,,,,plic,plic,http://rs.tdwg.org/plic/terms/,
SexRatio,SexRatio,Relative number of males to females in a population.,,,http://www.w3.org/1999/02/22-rdf-syntax-ns#Property,,DemographyAndThreat,/Dataset/TaxonRecord/DemographyAndThreat/PopulationBiology/PopulationBiologyAtomized/SexRatio,,,,plic,plic,http://rs.tdwg.org/plic/terms/,
Fecundity,Fecundity,"In the context of a population, is the combined maximum potential of its individuals to produce offspring.",,,http://www.w3.org/1999/02/22-rdf-syntax-ns#Property,,DemographyAndThreat,/Dataset/TaxonRecord/DemographyAndThreat/PopulationBiology/PopulationBiologyAtomized/Fecundity,,,,plic,plic,http://rs.tdwg.org/plic/terms/,
MortalityRate,Mortality rate,Probability of dying; the ratio between the number of deaths in a given time interval to the number of subjects alive at the start of this interval.,,,http://www.w3.org/1999/02/22-rdf-syntax-ns#Property,,DemographyAndThreat,/Dataset/TaxonRecord/DemographyAndThreat/PopulationBiology/PopulationBiologyAtomized/MortalityRate,,,,plic,plic,http://rs.tdwg.org/plic/terms/,
audiencesUnstructured,Unstructured Audiences,List audience codes separated by means of comma or /.,,,http://www.w3.org/1999/02/22-rdf-syntax-ns#Property,,Metadata,/Dataset/TaxonRecord/RecordMetadata/TargetAudiences/AudiencesUnstructured,,,,plic,plic,http://rs.tdwg.org/plic/terms/,
Revision,Revision,"Creators, revision status and dates of the record.",,,http://www.w3.org/1999/02/22-rdf-syntax-ns#Property,,Metadata,/Dataset/TaxonRecord/RecordMetadata/Revision,,,,plic,plic,http://rs.tdwg.org/plic/terms/,
reproductionAtomized,atomized reproduction,Reproduction element in structured format.,,,http://www.w3.org/1999/02/22-rdf-syntax-ns#Property,,Reproduction,/Dataset/TaxonRecord/NaturalHistory/Reproduction/ReproductionAtomized,,,,plic,plic,http://rs.tdwg.org/plic/terms/,
reproductionUnstructured,unstructured reproduction,Reproduction element in text block format.,,,http://www.w3.org/1999/02/22-rdf-syntax-ns#Property,,Reproduction,/Dataset/TaxonRecord/NaturalHistory/Reproduction/ReproductionUnstructured,,,,plic,plic,http://rs.tdwg.org/plic/terms/,
interactionUnstructured,Unstructured Interaction,interaction element in text block format.,,,http://www.w3.org/1999/02/22-rdf-syntax-ns#Property,,Interactions,/Dataset/TaxonRecord/NaturalHistory/Interactions/InteractionUnstructured,,,,plic,plic,http://rs.tdwg.org/plic/terms/,
synonymsUnstructured,unstructured synonyms,list of synonyms elements in a text block format.,,,http://www.w3.org/1999/02/22-rdf-syntax-ns#Property,,NomenclatureAndClassification,/Dataset/TaxonRecord/NomenclatureAndClassification/Synonyms/SynonymsUnstructured,,,,plic,plic,http://rs.tdwg.org/plic/terms/,
SynonymName,Synonym name ,Scientific name of the synonym.,,"tcs: ScientificName. An object that represents a single scientific biological name that either is, or appears to be, governed by one of the biological codes of nomenclature. These are not taxa. Taxa, whether accepted or not, are represented by TaxonConcept objects. Vernacular names are also dealt with under taxon concepts",http://www.w3.org/1999/02/22-rdf-syntax-ns#Property,,NomenclatureAndClassification,/Dataset/TaxonRecord/NomenclatureAndClassification/Synonyms/SynonymsAtomized/SynonymName,,,,plic,plic,http://rs.tdwg.org/plic/terms/,
SynonymStatus,Synonym status,Nomenclatural Status,,corresponds to dwc:nomenclaturalStatus. http://rs.tdwg.org/dwc/terms/index.htm#nomenclaturalStatus,http://www.w3.org/1999/02/22-rdf-syntax-ns#Property,,NomenclatureAndClassification,/Dataset/TaxonRecord/NomenclatureAndClassification/Synonyms/SynonymsAtomized/SynonymStatus,,,,plic,plic,http://rs.tdwg.org/plic/terms/,
keys,Keys,Dichotomic or multientrance keys.,,,http://www.w3.org/1999/02/22-rdf-syntax-ns#Property,,TaxonomicDescription,/Dataset/TaxonRecord/TaxonomicDescription/IdentificationKeys/Keys,,,,plic,plic,http://rs.tdwg.org/plic/terms/,
fullDescriptionAtomized,Atomized Full Description,fullDescription element in structured format.,,,http://www.w3.org/1999/02/22-rdf-syntax-ns#Property,,TaxonomicDescription,/Dataset/TaxonRecord/TaxonomicDescription/FullDescription/FullDescriptionAtomized,,,,plic,plic,http://rs.tdwg.org/plic/terms/,
fullDescriptionUnstructured,Unstructured Full Description,fullDescription element in text block format.,,,http://www.w3.org/1999/02/22-rdf-syntax-ns#Property,,TaxonomicDescription,/Dataset/TaxonRecord/TaxonomicDescription/FullDescription/FullDescriptionUnstructured,,,,plic,plic,http://rs.tdwg.org/plic/terms/,
briefDescription,Brief Description,"Brief description which reflect only the diagnostic characters, i.e. those that distinguish a taxon from other related or close taxa.",,,http://www.w3.org/1999/02/22-rdf-syntax-ns#Property,,TaxonomicDescription,/Dataset/TaxonRecord/TaxonomicDescription/BriefDescription,,,,plic,plic,http://rs.tdwg.org/plic/terms/,
taxonomicDescriptionUnstructured,unstructured taxonomic description,TaxonomicDescription element in text block format.,,,http://www.w3.org/1999/02/22-rdf-syntax-ns#Property,,TaxonomicDescription,/Dataset/TaxonRecord/TaxonomicDescription/TaxonomicDescriptionUnstructured,,,,plic,plic,http://rs.tdwg.org/plic/terms/,
territoryUnstructured,unstructured territory,"Information associated mostly to vertebrates, referring to the territorial extension of the individual or group in terms of its activities (feeding, mating, etc.). As a text block.",,,http://www.w3.org/1999/02/22-rdf-syntax-ns#Property,,DemographyAndThreat,/Dataset/TaxonRecord/DemographyAndThreat/Territory/TerritoryUnstructured,,,,plic,plic,http://rs.tdwg.org/plic/terms/,
ExtentOfOccurrence,Extent of occurrence,"Area contained within the shortest continuous imaginary boundary which can be drawn to encompass all the known, inferred or projected sites of present occurrence of a taxon, excluding cases of vagrancy.",,,http://www.w3.org/1999/02/22-rdf-syntax-ns#Property,,DemographyAndThreat,/Dataset/TaxonRecord/DemographyAndThreat/Territory/TerritoryAtomized/ExtentOfOccurrence,,,,plic,plic,http://rs.tdwg.org/plic/terms/,
AreaOfOccupancy,Area of occupancy,"Area within its 'extent of occurrence' (see EOO) which is occupied by a taxon, excluding cases of vagrancy. The measure reflects the fact that a taxon will not usually occur throughout the area of its extent of occurrence, which may contain unsuitable or unoccupied habitats.",,,http://www.w3.org/1999/02/22-rdf-syntax-ns#Property,,DemographyAndThreat,/Dataset/TaxonRecord/DemographyAndThreat/Territory/TerritoryAtomized/AreaOfOccupancy,,,,plic,plic,http://rs.tdwg.org/plic/terms/,
DirectThreatAtomized,Atomized Direct Threat,directThreats element in structured format. ,,,http://www.w3.org/1999/02/22-rdf-syntax-ns#Property,,DemographyAndThreat,/Dataset/TaxonRecord/DemographyAndThreat/DirectThreats/DirectThreatAtomized,,,,plic,plic,http://rs.tdwg.org/plic/terms/,
directThreatUnstructured,Unstructured Direct Threat,directThreats element in text block format.,,,http://www.w3.org/1999/02/22-rdf-syntax-ns#Property,,DemographyAndThreat,/Dataset/TaxonRecord/DemographyAndThreat/DirectThreats/DirectThreatUnstructured,,,,plic,plic,http://rs.tdwg.org/plic/terms/,
threatStatusUnstructured,unstructured threat status,Information about the status of the taxon.As a text block.,,,http://www.w3.org/1999/02/22-rdf-syntax-ns#Property,,DemographyAndThreat,/Dataset/TaxonRecord/DemographyAndThreat/ThreatStatus/ThreatStatusUnstructured,,,,plic,plic,http://rs.tdwg.org/plic/terms/,
ThreatCategory,Threat category,Description of the conservation status.,,,http://www.w3.org/1999/02/22-rdf-syntax-ns#Property,,DemographyAndThreat,/Dataset/TaxonRecord/DemographyAndThreat/ThreatStatus/ThreatStatusAtomized/ThreatCategory,,,,plic,plic,http://rs.tdwg.org/plic/terms/,
Authority,Authority,Organism or institution that assess the status.,,,http://www.w3.org/1999/02/22-rdf-syntax-ns#Property,,DemographyAndThreat,/Dataset/TaxonRecord/DemographyAndThreat/ThreatStatus/ThreatStatusAtomized/Authority,,,,plic,plic,http://rs.tdwg.org/plic/terms/,
TrophicStrategy,Trophic Strategy,"Tactic used to obtain energy or nutrients. A controlled vocabulary is  recommended. e.g. Chemosynthetic organisms, Photosynthetic  organisms, Parasites, Decomposers, Suspension feeders, Substrate feeders,   Grazers, Fluid-feeders, Predators...",,,http://www.w3.org/2004/02/skos/core#ConceptScheme,,Feeding,/Dataset/TaxonRecord/NaturalHistory/Feeding/FeedingAtomized/Thropic/TrophicStrategy,,,,plic,plic,http://rs.tdwg.org/plic/terms/,
TrophicStrategyRemarks,Trophic Strategy Remarks,Information notes about specific feeding strategies.,,,http://www.w3.org/2004/02/skos/core#ConceptScheme,,Feeding,/Dataset/TaxonRecord/NaturalHistory/Feeding/FeedingAtomized/Thropic/TrophicStrategyRemarks,,,,plic,plic,http://rs.tdwg.org/plic/terms/,
UsesUnstructured,Unstructured Uses,Uses in a unstructured format.,,,http://www.w3.org/1999/02/22-rdf-syntax-ns#Property,,UsesManagementAndConservation,/Dataset/TaxonRecord/UsesManagementAndConservation/Uses/UsesUnstructured,,,,plic,plic,http://rs.tdwg.org/plic/terms/,
Use-Value,Use-Value,"What is the plant used for, or what negative values does it have.",,,http://www.w3.org/1999/02/22-rdf-syntax-ns#Property,,UsesManagementAndConservation,/Dataset/TaxonRecord/UsesManagementAndConservation/Uses/UsesAtomized/Use-Value,,,,plic,plic,http://rs.tdwg.org/plic/terms/,
PartUsed,Part Used,"Acc. TDWG Economic Botany. Which plant parts are used, or have any negative values.",,,http://www.w3.org/1999/02/22-rdf-syntax-ns#Property,,UsesManagementAndConservation,/Dataset/TaxonRecord/UsesManagementAndConservation/Uses/UsesAtomized/PartUsed,,,,plic,plic,http://rs.tdwg.org/plic/terms/,
Users,Users,Acc. TDWG Economic Botany. The user group who recognizes the value and/or use of the plant.,,,http://www.w3.org/1999/02/22-rdf-syntax-ns#Property,,UsesManagementAndConservation,/Dataset/TaxonRecord/UsesManagementAndConservation/Uses/UsesAtomized/Users,,,,plic,plic,http://rs.tdwg.org/plic/terms/,
Organisms,Organisms,Acc. TDWG Economic Botany. Organisms which use the plant/plant parts.,,,http://www.w3.org/1999/02/22-rdf-syntax-ns#Property,,UsesManagementAndConservation,/Dataset/TaxonRecord/UsesManagementAndConservation/Uses/UsesAtomized/Organisms,,,,plic,plic,http://rs.tdwg.org/plic/terms/,
VernacularNameUseAnnotations,Vernacular Name Use Annotations,"Acc. TDWG Economic Botany. The name of the taxon must be distinguished from the name of the plant parts, the names of any processing stages, and the final product name. Names used in trade should be identified. It should also be mentioned if any vernacular name refers to more than one taxon. The use of some names may be restricted to a time of year or occasion, or have sacred connotations. The language or dialect to which the names belong should be stated along with details of the ethnic group. Care should be taken with transliteration into the Roman alphabet; if a standard system exists, use it and note which one it is.",,,http://www.w3.org/1999/02/22-rdf-syntax-ns#Property,,UsesManagementAndConservation,/Dataset/TaxonRecord/UsesManagementAndConservation/Uses/UsesAtomized/VernacularNameUseAnnotations,,,,plic,plic,http://rs.tdwg.org/plic/terms/,
ProductionDetails,Production Details,"Definition:        Acc. TDWG Economic Botany. (where relevant). Give details of protection, cultivation, harvesting, yields, processing and storage methods used and take note of special tools, timing etc.",,,http://www.w3.org/1999/02/22-rdf-syntax-ns#Property,,UsesManagementAndConservation,/Dataset/TaxonRecord/UsesManagementAndConservation/Uses/UsesAtomized/ProductionDetails,,,,plic,plic,http://rs.tdwg.org/plic/terms/,
MeansOfApplication-Administration,Means of Application-Administration,"Acc. TDWG Economic Botany. This is specific relevant for medicines, poisons .",,,http://www.w3.org/1999/02/22-rdf-syntax-ns#Property,,UsesManagementAndConservation,/Dataset/TaxonRecord/UsesManagementAndConservation/Uses/UsesAtomized/MeansOfApplication-Administration,,,,plic,plic,http://rs.tdwg.org/plic/terms/,
SeasonOfAvailability-Use,Season of Availability-Use,"Acc. TDWG Economic Botany. The season in which the plant is available/is used and, if relevant, the time of day.",,,http://www.w3.org/1999/02/22-rdf-syntax-ns#Property,,UsesManagementAndConservation,/Dataset/TaxonRecord/UsesManagementAndConservation/Uses/UsesAtomized/SeasonOfAvailability-Use,,,,plic,plic,http://rs.tdwg.org/plic/terms/,
Conservation-ExplotationData,Conservation-Explotation Data,"Acc. TDWG Economic Botany. Frequency record of plants, details of regeneration, sustainability or over-exploitation and any locally imposed bans on felling or harvesting.",,,http://www.w3.org/1999/02/22-rdf-syntax-ns#Property,,UsesManagementAndConservation,/Dataset/TaxonRecord/UsesManagementAndConservation/Uses/UsesAtomized/Conservation-ExplotationData,,,,plic,plic,http://rs.tdwg.org/plic/terms/,
UseType,Use Type,"Acc. TDWG Economic Botany. Type of use: traditional, modern, industrial or just a possible use.",,,http://www.w3.org/1999/02/22-rdf-syntax-ns#Property,,UsesManagementAndConservation,,,,,plic,plic,http://rs.tdwg.org/plic/terms/,
Economics,Economics,"Acc. TDWG Economic Botany. Real or potential existence of trade in live plants, plant parts or derivatives and, if so, the trade scale.",,,http://www.w3.org/1999/02/22-rdf-syntax-ns#Property,,UsesManagementAndConservation,/Dataset/TaxonRecord/UsesManagementAndConservation/Uses/UsesAtomized/Economics,,,,plic,plic,http://rs.tdwg.org/plic/terms/,
RatingPopularity,Rating Popularity,"Acc. TDWG Economic Botany. Assessment of the plant for its use and possible preference to other species, pointing out, in this case, which species are they.",,,http://www.w3.org/1999/02/22-rdf-syntax-ns#Property,,UsesManagementAndConservation,/Dataset/TaxonRecord/UsesManagementAndConservation/Uses/UsesAtomized/RatingPopularity,,,,plic,plic,http://rs.tdwg.org/plic/terms/,
Properties,Properties,Acc. TDWG Economic Botany. Details of properties which influence its value for a specified purpose.,,,http://www.w3.org/1999/02/22-rdf-syntax-ns#Property,,UsesManagementAndConservation,/Dataset/TaxonRecord/UsesManagementAndConservation/Uses/UsesAtomized/Properties,,,,plic,plic,http://rs.tdwg.org/plic/terms/,
Potential,Potential,"Acc. TDWG Economic Botany. Could the use, cultivation, manufacture of products etc. be increased and /or introduced to other areas or social groups?",,,http://www.w3.org/1999/02/22-rdf-syntax-ns#Property,,UsesManagementAndConservation,/Dataset/TaxonRecord/UsesManagementAndConservation/Uses/UsesAtomized/Potential,,,,plic,plic,http://rs.tdwg.org/plic/terms/,
UseNotes,Use Notes,Notes about how species are utilized by people.,,,http://www.w3.org/1999/02/22-rdf-syntax-ns#Property,,UsesManagementAndConservation,/Dataset/TaxonRecord/UsesManagementAndConservation/Uses/UsesAtomized/UseNotes,,,,plic,plic,http://rs.tdwg.org/plic/terms/,
Objectives,Objectives,Specific purposes of the management actions. Each objective must be separated by ;,,,http://www.w3.org/1999/02/22-rdf-syntax-ns#Property,,UsesManagementAndConservation,/Dataset/TaxonRecord/UsesManagementAndConservation/ManagementAndConservation/ManagementAndConservationAtomized/Objectives,,,,plic,plic,http://rs.tdwg.org/plic/terms/,
ManagementPlan,Management Plan,plan guiding the overall management project.,,,http://www.w3.org/1999/02/22-rdf-syntax-ns#Property,,UsesManagementAndConservation,/Dataset/TaxonRecord/UsesManagementAndConservation/ManagementAndConservation/ManagementAndConservationAtomized/ManagementPlan,,,,plic,plic,http://rs.tdwg.org/plic/terms/,
Actions,Actions,Individual tasks in which a management project can be atomized. Each action must be separated by ;,,,http://www.w3.org/1999/02/22-rdf-syntax-ns#Property,,UsesManagementAndConservation,/Dataset/TaxonRecord/UsesManagementAndConservation/ManagementAndConservation/ManagementAndConservationAtomized/Actions,,,,plic,plic,http://rs.tdwg.org/plic/terms/,
ActionsType,Actions Type,Each action must have one type. In the case that one action doesn't have type then put blank.,,,http://www.w3.org/1999/02/22-rdf-syntax-ns#Property,,UsesManagementAndConservation,,,,,plic,plic,http://rs.tdwg.org/plic/terms/,
HumanAndEnvironmentalrelevance,Human and Environmental Relevance,"Impact or value an species has either on the environment or on humans, and that justify management measures.",,,http://www.w3.org/1999/02/22-rdf-syntax-ns#Property,,UsesManagementAndConservation,/Dataset/TaxonRecord/UsesManagementAndConservation/ManagementAndConservation/ManagementAndConservationAtomized/HumanAndEnvironmentalRelevance,,,,plic,plic,http://rs.tdwg.org/plic/terms/,
UsesManagementAndConservationUnstructured,Uses Management and Conservation Unstructured ,UsesManagementAndConservation element in text block format.,,,http://www.w3.org/1999/02/22-rdf-syntax-ns#Property,,UsesManagementAndConservation,/Dataset/TaxonRecord/UsesManagementAndConservation/UsesManagementAndConservationUnstructured,,,,plic,plic,http://rs.tdwg.org/plic/terms/,
ManagementAndConservationUnstructured,Management and Conservation Unstructured,Management: actions directed at conserving or restoring species / Conservation: interventions undertaken designed to preserve species as a text block.,,,http://www.w3.org/1999/02/22-rdf-syntax-ns#Property,,UsesManagementAndConservation,/Dataset/TaxonRecord/UsesManagementAndConservation/ManagementAndConservation/ManagementAndConservationUnstructured,,,,plic,plic,http://rs.tdwg.org/plic/terms/,
SourceOfInformationText,Source of information text,"Where does the observation come from? Where appropriate, voucher specimen details should be provided (collector, number, date, herbarium) as well as details of the recorded informant (name, gender, approximate age, occupation, ethnic identity, locality and spoken language).",,,http://www.w3.org/1999/02/22-rdf-syntax-ns#Property,,UsesManagementAndConservation,/Dataset/TaxonRecord/UsesManagementAndConservation/Uses/UsesAtomized/SourceOfInformation/SourceOfInformationText,,,,plic,plic,http://rs.tdwg.org/plic/terms/,
Major,Major,The major version number ('1' in 1.2) as defined by the content creators.,,,http://www.w3.org/1999/02/22-rdf-syntax-ns#Property,,Metadata,/Dataset/TaxonRecord/RecordMetadata/Version/Major,,,,plic,plic,http://rs.tdwg.org/plic/terms/,
Minor,Minor,An optional minor version number ('2' in 1.2),,,http://www.w3.org/1999/02/22-rdf-syntax-ns#Property,,Metadata,/Dataset/TaxonRecord/RecordMetadata/Version/Minor,,,,plic,plic,http://rs.tdwg.org/plic/terms/,
Modifier,Modifier,Unconstrained text specifying status + optional number.,,,http://www.w3.org/1999/02/22-rdf-syntax-ns#Property,,Metadata,/Dataset/TaxonRecord/RecordMetadata/Version/Modifier,,,,plic,plic,http://rs.tdwg.org/plic/terms/,
DateIssued,Date issued,Source for Dublin-Core standard element Date.Issued: Citable 'publication date' of the current version (comp. Revision_Data/Date_Created and Date_Modified for version- independent dates). This date should be missing if the current version is not yet published!.,,,http://www.w3.org/1999/02/22-rdf-syntax-ns#Property,,Metadata,/Dataset/TaxonRecord/RecordMetadata/Version/DateIssued,,,,plic,plic,http://rs.tdwg.org/plic/terms/,
PreferredFlag,Preferred flag,TRUE to indicate current version when providers serve more than one record per taxon.,,,http://www.w3.org/1999/02/22-rdf-syntax-ns#Property,,Metadata,/Dataset/TaxonRecord/RecordMetadata/Version/PreferredFlag,,,,plic,plic,http://rs.tdwg.org/plic/terms/,
taxonValue,Taxon value,The taxon name,,,http://www.w3.org/1999/02/22-rdf-syntax-ns#Property,,NomenclatureAndClassification,/Dataset/TaxonRecord/NomenclatureAndClassification/Hierarchy/ParentTaxon/taxonValue,,,,plic,plic,http://rs.tdwg.org/plic/terms/,
GlobalUniqueIdentifier,Global Unique Identifier,According to Darwin Core: An Uniform Resource Name (URN) used as an unique identifier of the taxon record.,,,http://www.w3.org/1999/02/22-rdf-syntax-ns#Property,,Metadata,/Dataset/TaxonRecord/BaseElements/GlobalUniqueIdentifier,,,,plic,plic,http://rs.tdwg.org/plic/terms/,
