term_localName,label,definition,usage,notes,type,tdwgutility_organizedInClass,examples,database,vann_preferredNamespacePrefix,vann_preferredNamespaceUri
abstract,abstract,A brief summary of the most relevant or attractive features of this taxón to the general public.  Could point to any kind of information. ,,"Example: Blue whale is the largest mammal in the world.
",http://www.w3.org/1999/02/22-rdf-syntax-ns#Property,,,plic,plic,plic
"ancillaryData
",ancillary data,"The AncillaryData element contains information that could be an image, an audio, a list of references, a list of agents, rights, licenses...related with the element that belongs. It`s a redefinition of DataObject element from EOL scheme.

",,,http://www.w3.org/1999/02/22-rdf-syntax-ns#Property,,,,,
annualCycleAtomized,atomized annual cycle,"AnnualCycles element in structured format.
",,,http://www.w3.org/1999/02/22-rdf-syntax-ns#Property,annualCycles,,,,
annualCycles,annual cycle,"Set of changes or events that recurrently take place at the same time of year and are influenced by seasonal and interannual climate variations. Also called phenology, mainly in plants. In the case of migration, it only makes reference to the timing; other data about this are gathered in MigratoryClass.",,"For example: reproduction, flowering, fruiting, emergence of insects, etc.
",http://www.w3.org/2000/01/rdf-schema#Class,,,,,
annualCycleUnstructured,unstructured annual cycle,"AnnualCyles element in text block format.
",,,http://www.w3.org/1999/02/22-rdf-syntax-ns#Property,annualCycles,,,,
startTimeInterval,start time interval,"The date-time or interval at which an event starts. Recommended best practice is to use an encoding scheme, such as ISO 8601:2004(E).

A controlled vocabulary is recommended.",,"e.g. ""1963-03-08T14:07-0600"" is 8 Mar 1963 2:07pm in the time zone six hours earlier than UTC, ""2009-02-20T08:40Z"" is 20 Feb 2009 8:40am UTC, ""1809-02-12"" is 12 Feb 1809, ""1906-06"" is Jun 1906, ""1971"" is just that year, ""2007-03-01T13:00:00Z/2008-05-11T15:30:00Z"" is the interval between 1 Mar 2007 1pm UTC and 11 May 2008 3:30pm UTC, ""2007-11-13/15"" is the interval between 13 Nov 2007 and 15 Nov 2007.",http://www.w3.org/1999/02/22-rdf-syntax-ns#Property,annualCycleAtomized,,,,
endTimeInterval ,end time interval,"The date-time or interval at which an event ends. Recommended best practice is to use an encoding scheme, such as ISO 8601:2004(E).

A controlled vocabulary is recommended.",,"e.g. ""1963-03-08T14:07-0600"" is 8 Mar 1963 2:07pm in the time zone six hours earlier than UTC, ""2009-02-20T08:40Z"" is 20 Feb 2009 8:40am UTC, ""1809-02-12"" is 12 Feb 1809, ""1906-06"" is Jun 1906, ""1971"" is just that year, ""2007-03-01T13:00:00Z/2008-05-11T15:30:00Z"" is the interval between 1 Mar 2007 1pm UTC and 11 May 2008 3:30pm UTC, ""2007-11-13/15"" is the interval between 13 Nov 2007 and 15 Nov 2007.",http://www.w3.org/1999/02/22-rdf-syntax-ns#Property,annualCycleAtomized,,,,
Event,event,"An action that occurs at some location during some time.

A controlled vocabulary is recommended.",,,http://www.w3.org/1999/02/22-rdf-syntax-ns#Property,annualCycleAtomized,,,,
"geographicEntity
",Geographic Entity,"
Name of the geographic entity. A controlled vocabulary --as specified in the Catalogue element-- is recommended.
",,"
e.g. Spain; Aguascalientas; Alabama; Ambon
",,,,,,
Audience,Audience,Repetitive concept where the target audiences are written one by one.,,Predetermined list: 01. Expert (High). 02. Knowledgeable (Medium). 03. General (Low).,http://www.w3.org/2004/02/skos/core#ConceptScheme,TargetAudiences,,,,
Audience01,Expert,"Professionals on Biodiversity (researchers, decision makers, students of higher levels, etc.). By training and experience they have a good knowledge of scientific terminology and taxonomic and nomenclatural issues.",,,http://www.w3.org/2004/02/skos/core#Concept,,,,,
Audience02,Knowledgeable,"Public interest in the knowledge of living organisms but whose training and experience is not directly linked to knowledge of biodiversity, or to be enjoined, their training has not been directly related to biodiversity (professionals from other areas of knowledge, students, amateurs, etc.). Your level of interest is high but not usually use and know the terminology, taxonomy and scientific nomenclature",,,http://www.w3.org/2004/02/skos/core#Concept,,,,,
Audience03,General,"General Public (anyone interested in living organisms). Persons interested on biodiversity, frequently or timely, but lack the training, expertise or basic knowledge on terminology, taxonomy or scientific nomenclature",,,http://www.w3.org/2004/02/skos/core#Concept,,,,,
audiencesUnstructured,unstructured audiences,List audience codes separated by means of comma or /.,,,http://www.w3.org/1999/02/22-rdf-syntax-ns#Property,,,,,
BaseElements,base elements,Basic information to identify the record.,,,http://www.w3.org/2000/01/rdf-schema#Class,,,,,
behavior,behavior,"Responses, reactions or movements made by an organism in a particular situation.",,,http://www.w3.org/1999/02/22-rdf-syntax-ns#Property,,,,,
behaviorAtomized,atomized behavior,"Responses, reactions or movements made by an organism in a particular situation.

",,,http://www.w3.org/1999/02/22-rdf-syntax-ns#Property,,,,,
behaviorUnstructured,unstructured behavior,"Responses, reactions or movements made by an organism in a particular situation.

",,,http://www.w3.org/1999/02/22-rdf-syntax-ns#Property,,,,,
briefDescription,brief description,"Brief description which reflect only the diagnostic characters, i.e. those that distinguish a taxon from other related or close taxa.",,,http://www.w3.org/1999/02/22-rdf-syntax-ns#Property,TaxonomicDescription,,,,
commonNamesAtomized,atomized common names,"commonNames element in structured format.

",,,http://www.w3.org/1999/02/22-rdf-syntax-ns#Property,CommonNames,,,,
commonNames,common names,"The name of the common name.
",,,http://www.w3.org/1999/02/22-rdf-syntax-ns#Property,CommonNames,,,,
Name,name,"The name of the common name.
",,,http://www.w3.org/1999/02/22-rdf-syntax-ns#Property,CommonNames,,,,
Language,language,"Language used to write the species information, ISO 639-2 according to GBIF Metadata Profile.

",,,"http://www.w3.org/1999/02/22-rdf-syntax-ns#Property
",CommonNames,,,,
UsedIn,used in,"Location where de common name is used.

",,,"http://www.w3.org/1999/02/22-rdf-syntax-ns#Property
",CommonNames,,,,
UsedBy,used by,"Sometimes names used by one group of people are adopted by another.

",,,"http://www.w3.org/1999/02/22-rdf-syntax-ns#Property


",CommonNames,,,,
demographyAndThreat,demography and threat,"Information concerning the demographic aspects of the species, as well as the conservation status",,,http://www.w3.org/1999/02/22-rdf-syntax-ns#Property,,,,,
demographyAndThreatUnstructured,unstructured demography and threat,"demographyAndThreat element in unstructured format.
",,,http://www.w3.org/1999/02/22-rdf-syntax-ns#Property,,,,,
detailAtomized,atomized detail,,,,http://www.w3.org/1999/02/22-rdf-syntax-ns#Property,,,,,
detailUnstructured,unstructured detail,,,,http://www.w3.org/1999/02/22-rdf-syntax-ns#Property,,,,,
directThreats,direct threats,"Direct threats are the proximate human activities or processes that have caused, are causing, or may cause the destruction, degradation, and/or impairment of biodiversity targets. Direct threats are synonymous with sources of stress and proximate pressures.",,"Examples: unsustainable fishing or logging. Threats can be past (historical), ongoing, and/or likely to occur in the future.",http://www.w3.org/1999/02/22-rdf-syntax-ns#Property,,,,,
directThreatAtomized,atomized direct threat,"directThreats element in structured format.
",,,http://www.w3.org/1999/02/22-rdf-syntax-ns#Property,,,,,
directThreatUnstructured,unstructured direct threat,directThreats element in text block format.,,,http://www.w3.org/1999/02/22-rdf-syntax-ns#Property,,,,,
dispersal,dispersal,"The permanent spreading of individuals away from each other not including return. Dispersal determines the range over which genetic mixing occurs, and thus, the degree of homogeneity and inbreeding in a population",,,http://www.w3.org/1999/02/22-rdf-syntax-ns#Property,,,,,
,,,,,,,,,,
DispersalAtomized,atomized dispersal,Dispersal element in structured format,,,http://www.w3.org/2000/01/rdf-schema#Class,Dispersal,,,,
DispersalUnstructured,unstructured dispersal,Dispersal element in text block format,,,"http://www.w3.org/2000/01/rdf-schema#Class

",Dispersal,,,,
Purpose,purpose,Makes reference to any data being measured,,,http://www.w3.org/1999/02/22-rdf-syntax-ns#Property,DispersalAtomized,,De tipo MeasurementOrFactClass,,
Type,type,"VCR. Zoochory, Anemochory, Hydrochory, Barochory, Autochory",,"Type of dispersal, a controlled vocabulary is recommended.","http://www.w3.org/2004/02/skos/core#ConceptScheme
",DispersalAtomized,,,,
Type01,Zoochory,,,,http://www.w3.org/2004/02/skos/core#Concept,,,,,
Type02,Anemochory,,,,http://www.w3.org/2004/02/skos/core#Concept,,,,,
Type03,Hydrochory,,,,http://www.w3.org/2004/02/skos/core#Concept,,,,,
Type04,Barochory,,,,http://www.w3.org/2004/02/skos/core#Concept,,,,,
Type05,Autochory,,,,http://www.w3.org/2004/02/skos/core#Concept,,,,,
StructureDispersed,structure dispersed ,"VCR: Seed, Fruit, Vegetative structure, Spores, Gametes, Eggs, Offspring and Individuals",,"Structured that is dispersed for a given biologial propuse, a controlled vocabulary is recommended.","http://www.w3.org/2004/02/skos/core#ConceptScheme
",DispersalAtomized,,,,
StructureDispersed01,Seed,,,,http://www.w3.org/2004/02/skos/core#Concept,,,,,
StructureDispersed02,Fruit,,,,http://www.w3.org/2004/02/skos/core#Concept,,,,,
StructureDispersed03,Vegetative structure,,,,http://www.w3.org/2004/02/skos/core#Concept,,,,,
StructureDispersed04,Spores,,,,http://www.w3.org/2004/02/skos/core#Concept,,,,,
StructureDispersed05,Gametes,,,,http://www.w3.org/2004/02/skos/core#Concept,,,,,
StructureDispersed06,Eggs,,,,http://www.w3.org/2004/02/skos/core#Concept,,,,,
StructureDispersed07,Offspring,,,,http://www.w3.org/2004/02/skos/core#Concept,,,,,
StructureDispersed08,Individuals,,,,http://www.w3.org/2004/02/skos/core#Concept,,,,,
Distance,distance,Dispersal distance. e.g. 450 m,,The distance reached by the structured dispersed.,"http://www.w3.org/1999/02/22-rdf-syntax-ns#Property
",DispersalAtomized,,"de tipo MeasurementOrFactClass
",,
Distribution,distribution,"Species geographical distribution.

",,,http://www.w3.org/1999/02/22-rdf-syntax-ns#Property,HabitatAndDistributionType,,,,
DistributionUnstructured,unstructured distribution,Distribution element in text block format,,,http://www.w3.org/1999/02/22-rdf-syntax-ns#Property,Distribution,,,,
DistributionAtomized,atomized distribution,Distribution element in structured format,,,http://www.w3.org/1999/02/22-rdf-syntax-ns#Property,Distribution,,,,
DistributionType,distribution type,"Information about the distribution of the species based on the studied specimens collection sites data.

",,,"http://www.w3.org/2000/01/rdf-schema#Class
",DistributionAtomized,,,,
DistributionScope,distribution scope,List of regions structured and categorized.,"
","A controlled vocabulary is recommended.
e.g. Historical, Current, Restricted and Wide.
","http://www.w3.org/2000/01/rdf-schema#Class


",Distribution,,,,
DistributionScopeType,distribution scope type,"A controlled vocabulary is recommended. VCR: Historical, Current, Restricted and Wide.
",,"XXXXX, a controlled vocabulary is recommended.","http://www.w3.org/2000/01/rdf-schema#Class

",Distribution,,,,
temporalCoverage,temporal coverage,"This field specifies temporal coverage of the distribution, and allows coverages to be a single point in time, multiple points in time, or a range of dates.",,,http://www.w3.org/1999/02/22-rdf-syntax-ns#Property,Distribution,,,,
GeographicEntity,geographic entity,Name of the geographic entity. ,,"A controlled vocabulary --as specified in the Catalogue element-- is recommended.
e.g. Spain; Aguascalientas; Alabama; Ambon","http://www.w3.org/1999/02/22-rdf-syntax-ns#Property
",DistributionAtomized,,,,
country,country,"The name of the country or major administrative unit in which the Location occurs.
",,"It is recommended to use a controlled vocabulary such as the Getty Thesaurus of Geographic Names.
","http://www.w3.org/1999/02/22-rdf-syntax-ns#Property

",DistributionAtomized,,,,
stateProvince,state province ,"The name of the next smaller administrative region than country (state, 
province, canton, department, region, etc.) in which the Location 
occurs.",,,"http://www.w3.org/1999/02/22-rdf-syntax-ns#Property

",DistributionAtomized,,,,
county,county,"The full, unabbreviated name of the next smaller administrative region 
than stateProvince (county, shire, department, etc.) in which the 
Location occurs.",,,"http://www.w3.org/1999/02/22-rdf-syntax-ns#Property

",DistributionAtomized,,,,
municipality,,"The full, unabbreviated name of the next smaller administrative region than county (city, municipality, etc.) in which the Location occurs. Do not use this term for a nearby named place that does not contain the actual location.
",,,"http://www.w3.org/1999/02/22-rdf-syntax-ns#Property

",DistributionAtomized,,,,
locality,,"The specific description of the place. Less specific geographic information can be provided in other geographic terms (higherGeography, continent, country, stateProvince, county, municipality, waterBody, island, islandGroup). This term may contain information modified from the original to correct perceived errors or standardize the description.
",,,"http://www.w3.org/1999/02/22-rdf-syntax-ns#Property

",DistributionAtomized,,,,
ecologicalSignificance,ecological significance,Ecological importance of the taxon. (Placeholder),,,http://www.w3.org/1999/02/22-rdf-syntax-ns#Property,,,,,
ecologicalSignificanceAtomized,atomized ecological significance,Ecological Significance element in structured format.,,,http://www.w3.org/1999/02/22-rdf-syntax-ns#Property,,,,,
ecologicalSignificanceUnstructured,unstructured ecological significance,Ecological Significance element in text block format.,,,http://www.w3.org/1999/02/22-rdf-syntax-ns#Property,,,,,
endemic,endemic,Ecological importance of the taxon. (Placeholder),,,http://www.w3.org/1999/02/22-rdf-syntax-ns#Property,,,,,
endemicAtomized,atomized endemic,Endemic element in structured format. List of areas structured and categorized by the degree of safety.,,,http://www.w3.org/1999/02/22-rdf-syntax-ns#Property,EndemicType,,,,
EndemicTo,,The concept is applied to one or several countries. ,,"Examples: Giant panda (Ailuropoda melanoleuca (David, 1869) endemic to China. Quetzal Resplendent (Pharomachrus mocinno de la Llave, 1832) endemic to Mexico, Guatemala, Honduras, El Salvador, Nicaragua, Costa Rica and Panama.",,EndemicAtomized,,,,
EndemicIn,,The concept is applied to an area either multinational or local.,,"Examples:  Vicuña (Vicugna vicugna Molina, 1782) endemic in the Andean region. Manzanilla Real (Artemisia granatensis Boiss.) endemic in the peaks of Sierra Nevada (Spain).",,EndemicAtomized,,,,
endemicUnstructured,unstructured endemic,Endemic element in text block format.,,,http://www.w3.org/1999/02/22-rdf-syntax-ns#Property,EndemicType,,,,
environmentalEnvelope,environmental envelope,,,,http://www.w3.org/1999/02/22-rdf-syntax-ns#Property,,,,,
environmentalEnvelopeAtomized,atomized environmental envelope,"Structured information category concerning measurements, facts, characteristics, or assertions about a resource (instances or records, such as Occurrence, Taxon, Location, Event). environmentalEnvelope in structured format",,Example: Environmental range in which the organism lives (e.g. annual precipitation/average/450/mm),http://www.w3.org/1999/02/22-rdf-syntax-ns#Property,EnvironmentalEnvelopeType,,,,
environmentalEnvelopeUnstructured,unstructured environmental envelope,environmentalEnvelope in text block format,,,http://www.w3.org/1999/02/22-rdf-syntax-ns#Property,EnvironmentalEnvelopeType,,,,
feeding,feeding,Information related to the food supply for the development and sustenance of the individual and/or its offspring.,,,http://www.w3.org/1999/02/22-rdf-syntax-ns#Property,,,,,
feedingAtomized,atomized feeding,feeding elemento in structured format,,,http://www.w3.org/1999/02/22-rdf-syntax-ns#Property,,,,,
feedingUnstructured,unstructured feeding,feeding element in text block format,,,http://www.w3.org/1999/02/22-rdf-syntax-ns#Property,,,,,
Type,,Primary diet source. A controlled vocabulary is recommended.,,,,,,,,
Strategy,TrophicStrategy,"Tactic used to obtain energy or nutrients. A controlled vocabulary is 
recommended. e.g. Chemosynthetic organisms,Photosynthetic 
organisms,Parasites,Decomposers,Suspension feeders,Substrate feeders, 
Grazers,Fluid-feeders,Predators...",,,http://www.w3.org/2004/02/skos/core#ConceptScheme,Trophic,,,,
Strategy01,Chemosynthetic,,,,http://www.w3.org/2004/02/skos/core#Concept,,,,,
Strategy02,Photosynthetic,,,,http://www.w3.org/2004/02/skos/core#Concept,,,,,
Strategy03,Vermin,,,,http://www.w3.org/2004/02/skos/core#Concept,,,,,
Strategy04,Decomposers,,,,http://www.w3.org/2004/02/skos/core#Concept,,,,,
Strategy05,FilterFeeders,,,,http://www.w3.org/2004/02/skos/core#Concept,,,,,
Strategy06,Sedimentivorous,,,,http://www.w3.org/2004/02/skos/core#Concept,,,,,
Strategy07,Borers,,,,http://www.w3.org/2004/02/skos/core#Concept,,,,,
Strategy08,Foragers,,,,http://www.w3.org/2004/02/skos/core#Concept,,,,,
Strategy09,Fluidophagous,,,,http://www.w3.org/2004/02/skos/core#Concept,,,,,
StrategyRemarks,TrophicStrategyRemarks,Information notes about specific feeding strategies.,,,http://www.w3.org/2004/02/skos/core#ConceptScheme,Trophic,,,,
StrategyRemarks01,Autotrophs,,,,http://www.w3.org/2004/02/skos/core#Concept,,,,,
StrategyRemarks02,Palynivore,,,,http://www.w3.org/2004/02/skos/core#Concept,,,,,
StrategyRemarks03,Nectarivore,,,,http://www.w3.org/2004/02/skos/core#Concept,,,,,
StrategyRemarks04,Granivore,,,,http://www.w3.org/2004/02/skos/core#Concept,,,,,
StrategyRemarks05,Frugivore,,,,http://www.w3.org/2004/02/skos/core#Concept,,,,,
StrategyRemarks06,Rhizophagus,,,,http://www.w3.org/2004/02/skos/core#Concept,,,,,
StrategyRemarks07,Hematophagy,,,,http://www.w3.org/2004/02/skos/core#Concept,,,,,
StrategyRemarks08,Insectivore,,,,http://www.w3.org/2004/02/skos/core#Concept,,,,,
StrategyRemarks09,Piscivore,,,,http://www.w3.org/2004/02/skos/core#Concept,,,,,
StrategyRemarks10,Oophagy,,,,http://www.w3.org/2004/02/skos/core#Concept,,,,,
StrategyRemarks11,Omnivore,,,,http://www.w3.org/2004/02/skos/core#Concept,,,,,
StrategyRemarks12,Scavenger,,,,http://www.w3.org/2004/02/skos/core#Concept,,,,,
StrategyRemarks13,Saprophagous,,,,http://www.w3.org/2004/02/skos/core#Concept,,,,,
StrategyRemarks14,Detritivore,,,,http://www.w3.org/2004/02/skos/core#Concept,,,,,
fullDescription,full description,"Complete and detailed account of the taxonomic and systematic characters, i.e. those that define and allow to recognize an organism.",,,http://www.w3.org/1999/02/22-rdf-syntax-ns#Property,TaxonomicDescription,,,,
fullDescriptionAtomized,atomized full description,fullDescription element in structured format,,,http://www.w3.org/1999/02/22-rdf-syntax-ns#Property,,,,,
fullDescriptionUnstructured,unstructured full description,fullDescription element in text block format,,,http://www.w3.org/1999/02/22-rdf-syntax-ns#Property,,,,,
habitatAtomized,atomized habitat,habitatAndDistribution element in structured format,,,http://www.w3.org/1999/02/22-rdf-syntax-ns#Property,,,,,
habitatAndDistribution,habitat anddistribution,Distribution of the species,,,http://www.w3.org/1999/02/22-rdf-syntax-ns#Property,,,,,
habitatAndDistributionUnstructured,unstructured habitat anddistribution,habitatAndDistribution element in text block format,,,http://www.w3.org/1999/02/22-rdf-syntax-ns#Property,,,,,
habitats,habitats,,,,http://www.w3.org/1999/02/22-rdf-syntax-ns#Property,,,,,
habitatUnstructured,unstructured habitat,habitat element in text block format.,,,http://www.w3.org/1999/02/22-rdf-syntax-ns#Property,,,,,
hierarchy,hierarchy,Hierarchical categories. Modified from Linnean Core.,,Option: fill all or principal ranks and optionally provide keys.,http://www.w3.org/1999/02/22-rdf-syntax-ns#Property,,,,,
interactionAtomized,atomized interaction,interaction element in structured format.,,,http://www.w3.org/1999/02/22-rdf-syntax-ns#Property,,,,,
identificationKeys,identification keys,"Tool for the identification of organisms, comprising a series of steps, each of which represents a question about one or more characters of the organism. Each step offers multiple alternatives, choosing one of them will lead us to the next step until ending, finally, in the name of the organism.",,"Most printed keys have only two alternatives, so called dichotomous keys. A taxon includes a key or an identification of key in the subordinate taxons. If we are in a register of a genre, this register would include the keys of the species that this register includes, and if itÂ´s one specie, then it would include the key of the infraspecific rank (For plants: subspecies, variety forms)",http://www.w3.org/1999/02/22-rdf-syntax-ns#Property,,,,,
Keys,,,,,,IdentificationKeys | TaxonomicDescription,,,,
interactions,interactions,Mutual or reciprocal actions or influences. Relations with products grown and stored by man (plagues) are also included.,,"For example, predation, parasitism, mutualism, etc.",http://www.w3.org/1999/02/22-rdf-syntax-ns#Property,,,,,
interactionUnstructured,unstructured interaction,interaction element in text block format.,,,http://www.w3.org/1999/02/22-rdf-syntax-ns#Property,,,,,
InteractionSpecies,,,,,,,,,,
InteractionSpeciesType,,,,,,,,,,
invasiveness,invasiveness,"Information about invasive exotic species that could threaten to ecosystem, habitats and species",,,http://www.w3.org/1999/02/22-rdf-syntax-ns#Property,,,,,
invasivenessAtomized,atomized invasiveness,invasiveness element in structured format.,,,http://www.w3.org/1999/02/22-rdf-syntax-ns#Property,,,,,
invasivenessUnstructured,unstructured invasiveness,invasiveness element in text block format.,,,http://www.w3.org/1999/02/22-rdf-syntax-ns#Property,,,,,
origin,,"Controlled vocabulary: Indigenous, Exotic, Unknown.",,,,,,,,
presence,,"Controlled vocabulary: Absent, SometimesPresent, Present, Unknown, Reported.",,,,,,,,
persistence,,"Controlled vocabulary: Persistent, Temporary, Transient, DiedOut, Unknown.",,,,,,,,
distribution,,"Controlled vocabulary: Widespread, Moderate, Localized, Unknown.",,,,,,,,
harmful,,"Controlled vocabulary: Yes, No, Potentially, Unknown.",,,,,,,,
modified,,,,From GISIN: SpeciesStatus. http://www.gisin.org/cwis438/websites/GISINDirectory/Tech/ProtocolSpecification.php#4.4.1.1,,,,,,
startValidDate,,,,From GISIN: SpeciesStatus. http://www.gisin.org/cwis438/websites/GISINDirectory/Tech/ProtocolSpecification.php#4.4.1.1,,,,,,
endValidDate,,,,From GISIN: SpeciesStatus. http://www.gisin.org/cwis438/websites/GISINDirectory/Tech/ProtocolSpecification.php#4.4.1.1,,,,,,
countryCode,,,,,,,,,,
stateProvince,,"The name of the next smaller administrative region than country (state, 
province, canton, department, region, etc.) in which the Location 
occurs.",,,,,,,,
county,,"The full, unabbreviated name of the next smaller administrative region 
than stateProvince (county, shire, department, etc.) in which the 
Location occurs.",,,,,,,,
localityName,,,,,,,,,,
language,,,,,,,,,,
citation,,,,,,Metadata,,,,
abundance,,"Controlled vocabulary: Dominant, Common, Rare, Zero, Unknown, Monoculture.",,,,,,,,
trend,,"Controlled vocabulary: Stable, Declining, Unknown, Expanding.",,,,,,,,
rateOfSpread,,"Controlled vocabulary: Rapid, Moderate, Slow, Unknown.",,,,,,,,
regulatoryListing,,"Controlled vocabulary: Prohibited, Restricted, NotConsidered, Unknown.",,,,,,,,
memo,,,,,,,,,,
publicationDate,,,,From GISIN: SpeciesStatus. http://www.gisin.org/cwis438/websites/GISINDirectory/Tech/ProtocolSpecification.php#4.4.1.1,,,,,,
localityType,,"Controlled vocabulary: State/Province, County, Postal code, Watershed, Unknown.",,,,,,,,
WhatImpact,,"An indication of the actual impact as a free text string. e.g. destroys 
riparian vegetation, destroys irrigation systems, displaces Arvicola 
sapidus",,,,,,,,
vector,,"By which means a species occupies a new territory. e.g. fishing boats; dirty boots, cars (Aedes albopictus)",,,,,,,,
Route,,This is equivalent and probably replaceable by gisin:route,,,,,,,,
impactTarget,,This is equivalent and probably replaceable by gisin:impactTarget,,,http://www.w3.org/2004/02/skos/core#ConceptScheme,InvasivenessAtomized,,,,
impactTarget01,Economy,,,,http://www.w3.org/2004/02/skos/core#Concept,,,,,
impactTarget02,Environment,,,,http://www.w3.org/2004/02/skos/core#Concept,,,,,
impactTarget03,HumanHealth,,,,http://www.w3.org/2004/02/skos/core#Concept,,,,,
impactTarget04,Unknown,,,,http://www.w3.org/2004/02/skos/core#Concept,,,,,
impactMechanism,,Mechanism of introduction or impact to a new location.,,,http://www.w3.org/2004/02/skos/core#ConceptScheme,InvasivenessAtomized,,,,
impactMechanism01,Allergeny,,,,http://www.w3.org/2004/02/skos/core#Concept,,,,,
impactMechanism02,Competition,,,,http://www.w3.org/2004/02/skos/core#Concept,,,,,
impactMechanism03,DiseaseTransmission,,,,http://www.w3.org/2004/02/skos/core#Concept,,,,,
impactMechanism04,Fouling,,,,http://www.w3.org/2004/02/skos/core#Concept,,,,,
impactMechanism05,Herbivory,,,,http://www.w3.org/2004/02/skos/core#Concept,,,,,
impactMechanism06,Hybridization,,,,http://www.w3.org/2004/02/skos/core#Concept,,,,,
impactMechanism07,InhibitsGrowthOfOtherSpecies,,,,http://www.w3.org/2004/02/skos/core#Concept,,,,,
impactMechanism08,InteractionWithOtherInvasiveSpecies,,,,http://www.w3.org/2004/02/skos/core#Concept,,,,,
impactMechanism09,ModifiesFireRegime,,,,http://www.w3.org/2004/02/skos/core#Concept,,,,,
impactMechanism10,ModifiesHydrology,,,,http://www.w3.org/2004/02/skos/core#Concept,,,,,
impactMechanism11,ModifiesNaturalBenthicCommunities,,,,http://www.w3.org/2004/02/skos/core#Concept,,,,,
impactMechanism12,ModifiesNutrientRegime,,,,http://www.w3.org/2004/02/skos/core#Concept,,,,,
impactMechanism13,ModifiesSuccessionalPatterns,,,,http://www.w3.org/2004/02/skos/core#Concept,,,,,
impactMechanism14,OtherSeeMemoForDescription,,,,http://www.w3.org/2004/02/skos/core#Concept,,,,,
impactMechanism15,Parasitism,,,,http://www.w3.org/2004/02/skos/core#Concept,,,,,
impactMechanism16,Pathogenic,,,,http://www.w3.org/2004/02/skos/core#Concept,,,,,
impactMechanism17,PhysicalDisturbance,,,,http://www.w3.org/2004/02/skos/core#Concept,,,,,
impactMechanism18,PollenSwamping,,,,http://www.w3.org/2004/02/skos/core#Concept,,,,,
impactMechanism19,Predation,,,,http://www.w3.org/2004/02/skos/core#Concept,,,,,
impactMechanism20,Transpiration,,,,http://www.w3.org/2004/02/skos/core#Concept,,,,,
impactMechanism21,Unknown,,,,http://www.w3.org/2004/02/skos/core#Concept,,,,,
keys,keys,Dichotomic or multientrance keys.,,,http://www.w3.org/1999/02/22-rdf-syntax-ns#Property,,,,,
legislationAtomized,atomized legislation,legislation element in structured format.,,,http://www.w3.org/1999/02/22-rdf-syntax-ns#Property,,,,,
language,language,"The language of the taxon record, according to ISO 639.",,,http://www.w3.org/1999/02/22-rdf-syntax-ns#Property,,,,,
lifeCycle,life cycle,Life history of a living organism: The course of developmental changes in an organism from fertilized zygote to maturity or stages through which an organism passes.,,,http://www.w3.org/1999/02/22-rdf-syntax-ns#Property,,,,,
lifeForm,life form,"General appearance. Characteristic mode of growth or occurrence associated to its environment, particularly for plants. Comprising its size, shape, texture and orientation.",,"Example: tree, shrubs, herbs.",http://www.w3.org/1999/02/22-rdf-syntax-ns#Property,,,,,
lifeCycleAtomized,atomized life cycle,lifeCycle element in structured format.,,,http://www.w3.org/1999/02/22-rdf-syntax-ns#Property,lifeCycle,,,,
lifeCycleUnstructured,unstructured life cycle,lifeCycle element in text block format.,,,http://www.w3.org/1999/02/22-rdf-syntax-ns#Property,,,,,
lifeFormAtomized,atomized life form,lifeCycleForm element in structured format.,,,http://www.w3.org/1999/02/22-rdf-syntax-ns#Property,,,,,
lifeFormUnstructured,unstructured life form,lifeCycleForm element in text block format.,,,http://www.w3.org/1999/02/22-rdf-syntax-ns#Property,,,,,
legislation,legislation,A national proposed law or group of laws. A regional proposed law or group of laws.,,,http://www.w3.org/1999/02/22-rdf-syntax-ns#Property,,,,,
legislationUnstructured,unstructured legislation,legislation element in text block format.,,,http://www.w3.org/1999/02/22-rdf-syntax-ns#Property,,,,,
LegislationType,,,,,,Legislation  |  DemographyAndThreat,,,,
LegislationName,,,,,,Legislation  |  DemographyAndThreat,,,,
ProtectionLegalStatus,,,,,,Legislation  |  DemographyAndThreat,,,,
LegislationRead,,,,,,Legislation  |  DemographyAndThreat,,,,
Status,,,,,,Legislation  |  DemographyAndThreat,,,,
Type,,,,,,Legislation  |  DemographyAndThreat,,,,
Norm,,,,,,Legislation  |  DemographyAndThreat,,,,
AppliesTo,,,,,,Legislation  |  DemographyAndThreat,,,,
managementAndConservation,management andconservation,Management: actions directed at conserving or restoring species / Conservation: interventions undertaken designed to preserve species.,,,http://www.w3.org/1999/02/22-rdf-syntax-ns#Property,,,,,
managementAndConservationAtomized,atomized management and conservation,Management: actions directed at conserving or restoring species / Conservation: interventions undertaken designed to preserve species in an structured manner,,,http://www.w3.org/2000/01/rdf-schema#Class,,,,,
managementAndConservationUnstructured,unstructured management and conservation,Management: actions directed at conserving or restoring species / Conservation: interventions undertaken designed to preserve species as a text block,,,http://www.w3.org/1999/02/22-rdf-syntax-ns#Property,,,,,
ManagementAndConservationType,,,,,,ManagementAndConservation |  UsesManagementAndConservation,,,,
Objetives,,,,,,ManagementAndConservation |  UsesManagementAndConservation,,,,
ManagementPlan,,,,,,ManagementAndConservation |  UsesManagementAndConservation,,,,
Actions,,,,,,ManagementAndConservation |  UsesManagementAndConservation,,,,
ActionsType,,,,,,ManagementAndConservation |  UsesManagementAndConservation,,,,
HumanAndEnvironmentalrelevance,,,,,,,,,,
end Darwin Core dwc: terms,,,,,,,,,,
TaxonRecord,,"Container for all elements pertaining a certain view or instance of a taxon, for instance, Festuca glauca Vill. as in Flora iberica, or Panthera onca as in https://enciclovida.mx/especies/34460-panthera-onca",,,http://www.w3.org/2000/01/rdf-schema#Class,Dataset,,,,
metadata,metadata,Management: actions aimed at conserving or recovering species / Conservation: undertaken interventions designed to preserve species.,,,http://www.w3.org/2000/01/rdf-schema#Class,Dataset,,,,
Dataset_ID,Dataset_ID,An identifier for the dataset,,,http://www.w3.org/1999/02/22-rdf-syntax-ns#Property,metadata,,,,
dateStamp,dateStamp,The date the metadata document was created or modified,,,http://www.w3.org/1999/02/22-rdf-syntax-ns#Property,metadata,,,,
dataset,dataset,The dataset element is a wrapper for all other elements relating to a single dataset as defined in eml.xsd (eml/dataset),,https://eml.ecoinformatics.org/schema/,http://www.w3.org/2000/01/rdf-schema#Class,metadata,,,,
resourceLogoUrl,resourceLogoUrl,The URI of an icon/logo symbolizing the project,,,http://www.w3.org/1999/02/22-rdf-syntax-ns#Property,metadata,,,,
Dataset,Dataset,Root element from which all other elements will branch,,,http://www.w3.org/2000/01/rdf-schema#Class,,,,,
Migratory,migratory,"The regular, usually seasonal, movement of all or part of an animal population of and from a given area, which can occur in variable periods of time and even involve more than one generation",,,http://www.w3.org/2000/01/rdf-schema#Class,NaturalHistory,,,,
MigratoryAtomized,atomized migratory,"The regular, usually seasonal, movement of all or part of an animal population to and from a given area, which can occur in variable periods of time and even involve more than one generation broken down in specific elements ",,,http://www.w3.org/2000/01/rdf-schema#Class,Migratory,,,,
migratoryUnstructured,unstructured migratory,"The regular, usually seasonal, movement of all or part of an animal population to and from a given area, which can occur in variable periods of time and even involve more than one generation as text block",,,http://www.w3.org/1999/02/22-rdf-syntax-ns#Property,Migratory,,,,
Causes,,Reasons for the species to move from one place to another in a specific lap,,,http://www.w3.org/2004/02/skos/core#ConceptScheme,MigratoryAtomized,,,,
Causes01,Seasonal climatic variation,,,,http://www.w3.org/2004/02/skos/core#Concept,,,,,
Causes02,Resource availability,,,,http://www.w3.org/2004/02/skos/core#Concept,,,,,
Causes03,Reproduction,,,,http://www.w3.org/2004/02/skos/core#Concept,,,,,
Patterns,Patterns,Displacement of the species in space,,,http://www.w3.org/2004/02/skos/core#ConceptScheme,MigratoryAtomized,,,,
Patterns01,Latitudinal,,,,http://www.w3.org/2004/02/skos/core#Concept,,,,,
Patterns02,Longitudinal,,,,http://www.w3.org/2004/02/skos/core#Concept,,,,,
Patterns03,Altitudinal,,,,http://www.w3.org/2004/02/skos/core#Concept,,,,,
Patterns04,Vertical in water column,,,,http://www.w3.org/2004/02/skos/core#Concept,,,,,
Patterns05,Local migrant,,,,http://www.w3.org/2004/02/skos/core#Concept,,,,,
Routes,Routes,Trajectory followed by the species,,,http://www.w3.org/1999/02/22-rdf-syntax-ns#Property,MigratoryAtomized,,,,
Season,Season,Time of year in which a species migrates.,,,http://www.w3.org/1999/02/22-rdf-syntax-ns#Property,MigratoryAtomized,,,,
miscDetails,miscellaneous details,Miscellaneus: notes attached to the taxon natural history information,,,http://www.w3.org/1999/02/22-rdf-syntax-ns#Property,,,,,
MolecularData,molecular data,"Information on the chemical structures and biological processes at the molecular level: DNA and proteins sequences, protein structures, expression profiles of genes protein domains, families of genes, mutations, polymorphisms, involvement in disease, ...",,"Undeveloped. Placeholder for connecting with standards developed by specialists. For example, Standards for Data Exchange and Management from Scalalife (http://www.scalalife.eu/content/data)",http://www.w3.org/2000/01/rdf-schema#Class,NaturalHistory,,,,
MolecularDataAtomized,atomized molecular data,MolecularData element in structured format,,,http://www.w3.org/1999/02/22-rdf-syntax-ns#Property,MolecularData,,,,
MolecularDataUnstructured,unstructured molecular data,MolecularData as a text block,,,http://www.w3.org/1999/02/22-rdf-syntax-ns#Property,MolecularData,,,,
RelatedTo,RelatedTo,Specifies to which PlinianCore term the information contained under MolecularDataAtomized refers to. The controlled vocabulary is list of content-bearing PlinianCore elements.,,,http://www.w3.org/1999/02/22-rdf-syntax-ns#Property,,,,,
NaturalHistory,natural history,"Relevant descriptive information about the species: Life Form, Life Cycle, Reproduction, Annual Cycles, Feeding, Dispersal, Behavior, Interactions, Molecular Data, Migratory, Ecological Significance, Miscellaneous Details, Environmental Envelope and Ancillary Data.",,,http://www.w3.org/2000/01/rdf-schema#Class,TaxonRecord,,,,
naturalHistoryUnstructured,unstructured natural history,NaturalHistory element in text block format,,,http://www.w3.org/1999/02/22-rdf-syntax-ns#Property,NaturalHistory,,,,
nomenclatureAndClassification,nomenclature and classification,"Information on the taxon's  name, synomyms, nomenclatural status, common names, and taxonomic hierarchy; plus  misc. details and ancillary data",,,http://www.w3.org/2000/01/rdf-schema#Class,TaxonRecord,,,,
commonNamesUnstructured,unstructured common names,CommonNames element in text block format,,,http://www.w3.org/1999/02/22-rdf-syntax-ns#Property,CommonNames,,,,
PopulationBiology,population biology,"Description of the variations in time and space, as well as in the size and density of populations, and the factors that cause such variations",,,http://www.w3.org/2000/01/rdf-schema#Class,DemographyAndThreats,,,,
populationBiologyAtomized,atomized population biology,Population biology data in structured form,,,http://www.w3.org/2000/01/rdf-schema#Class,PopulationBiology,,,,
populationBiologyUnstructured,unstructured population biology,Population biology data as a text block,,,http://www.w3.org/1999/02/22-rdf-syntax-ns#Property,PopulationBiology,,,,
AbundanceData,AbundanceData,The relative representation of a species population in relation to other species or multiple species in a particular territory,,,http://www.w3.org/1999/02/22-rdf-syntax-ns#Property,PopulationBiology  |  DemographyAndThreat,,,,
DensityData,DensityData,Population size in relation to a defined space unit,,,http://www.w3.org/1999/02/22-rdf-syntax-ns#Property,PopulationBiology  |  DemographyAndThreat,,,,
PatternDistribution,PatternDistribution,The spatial arrangement of the individuals of a population in the territory it occupies,,,http://www.w3.org/1999/02/22-rdf-syntax-ns#Property,PopulationBiology  |  DemographyAndThreat,,,,
Size,Size,Number of individual organisms in a population,,,http://www.w3.org/1999/02/22-rdf-syntax-ns#Property,PopulationBiology  |  DemographyAndThreat,,,,
SexRatio,SexRatio,Relative number of males to females in a population,,,http://www.w3.org/1999/02/22-rdf-syntax-ns#Property,PopulationBiology  |  DemographyAndThreat,,,,
Fecundity,Fecundity,"In the context of a population, is the combined maximum potential of its individuals to produce offspring",,,http://www.w3.org/1999/02/22-rdf-syntax-ns#Property,PopulationBiology  |  DemographyAndThreat,,,,
MortalityRate,MortalityRate,Probability of dying; the ratio between the number of deaths in a given time interval to the number of subjects alive at the start of this interval,,,http://www.w3.org/1999/02/22-rdf-syntax-ns#Property,PopulationBiology  |  DemographyAndThreat,,,,
BirthRate,BirthRate,Ratio of births to the total number of individuals in a population in a time period,,,http://www.w3.org/1999/02/22-rdf-syntax-ns#Property,PopulationBiology  |  DemographyAndThreat,,,,
NumberIndividualsPerObservation,NumberIndividualsPerObservation,Mean number of individuals per observation event or unit ,,,http://www.w3.org/1999/02/22-rdf-syntax-ns#Property,PopulationBiology  |  DemographyAndThreat,,,,
AverageDensity,AverageDensity,Average of the densities obtained for a population,,,http://www.w3.org/1999/02/22-rdf-syntax-ns#Property,PopulationBiology  |  DemographyAndThreat,,,,
PopulationTrend,PopulationTrend,"Changes of a population over time and can include changes in  distribution, biogeography (e.g., size of population), life-history (e.g., birth and death rates), etc",,,http://www.w3.org/1999/02/22-rdf-syntax-ns#Property,PopulationBiology  |  DemographyAndThreat,,,,
Recruitment,Recruitment,"Information on the process by which young individuals (e.g., seedlings, larvae, propagules) become part of the adult population. It can be rate, scale, a description, etc.",,,http://www.w3.org/1999/02/22-rdf-syntax-ns#Property,PopulationBiology  |  DemographyAndThreat,,,,
PopulationGrowthRate,PopulationGrowthRate,"Growth rate of a population in a given time period, based on births, deaths, emigration and immigration",,,http://www.w3.org/1999/02/22-rdf-syntax-ns#Property,PopulationBiology  |  DemographyAndThreat,,,,
Emigration,Emigration,Information on  individuals leaving a population,,,http://www.w3.org/1999/02/22-rdf-syntax-ns#Property,PopulationBiology  |  DemographyAndThreat,,,,
Immigration,Immigration,Information on individuals entering a population,,,http://www.w3.org/1999/02/22-rdf-syntax-ns#Property,PopulationBiology  |  DemographyAndThreat,,,,
DescriptionLifeStages,DescriptionLifeStages,Sex/age categories or life stages of a species; can be size in the case of plants,,,http://www.w3.org/1999/02/22-rdf-syntax-ns#Property,PopulationBiology  |  DemographyAndThreat,,,,
ProportionIndividualsPerStageLife,ProportionIndividualsPerStageLife,Percentage of individuals that belong to each life stage in a population,,,http://www.w3.org/1999/02/22-rdf-syntax-ns#Property,PopulationBiology  |  DemographyAndThreat,,,,
CarryingCapacity,CarryingCapacity,Maximum population density possible as limited by the resources available for the population in the absence of predators and parasites,,,http://www.w3.org/1999/02/22-rdf-syntax-ns#Property,PopulationBiology  |  DemographyAndThreat,,,,
RecordMetadata,record metadata,"This element includes the information about the Version, Revision,the language and target audiences of the Taxon Record.",,,http://www.w3.org/2000/01/rdf-schema#Class,TaxonRecord,,,,
reproductionAtomized,atomized reproduction,Reproduction element in structured format,,,http://www.w3.org/1999/02/22-rdf-syntax-ns#Property,Reproduction,,,,
revision,revision,"Creators, revision status and dates of the record",,,http://www.w3.org/2000/01/rdf-schema#Class,RecordMetadata,,,,
Reproduction,reproduction,All data related to the production of offspring.,,,http://www.w3.org/1999/02/22-rdf-syntax-ns#Property,NaturalHistory,,,,
reproductionUnstructured,unstructured reproduction,Reproduction element in text block format,,,http://www.w3.org/1999/02/22-rdf-syntax-ns#Property,Reproduction,,,,
synonymsAtomized,atomized synonyms,list of synonyms in a structured format,,tsc:ScientificName,http://www.w3.org/2000/01/rdf-schema#Class,Synonyms,,,,
synonymsAtomizedType,,Type for atomized synonyms,,"Los ""Type"" los eliminamos ¿no? (FP)",http://www.w3.org/2000/01/rdf-schema#Class,,,,,
synonyms,synonyms,Different names for this taxon.,,,http://www.w3.org/2000/01/rdf-schema#Class,NomenclatureAndClassification,,,,
synonymsType,,"A type of sequence of sequences of zero or more Atomized and Unstructured synonyms, each one with their optional ancillary data",,"Los ""Type"" los eliminamos ¿no? (FP)",http://www.w3.org/2000/01/rdf-schema#Class,,,,,
synonymsUnstructured,unstructured synonyms,list of synonyms elements in a text block format,,,http://www.w3.org/1999/02/22-rdf-syntax-ns#Property,,,,,
SynonymName ,SynonymName ,Scientific name of the synonym,,"tcs: ScientificName. An object that represents a single scientific biological name that either is, or appears to be, governed by one of the biological codes of nomenclature. These are not taxa. Taxa, whether accepted or not, are represented by TaxonConcept objects. Vernacular names are also dealt with under taxon concepts",http://www.w3.org/1999/02/22-rdf-syntax-ns#Property,Synonyms |  NomenclatureAndClassification,,,,
SynonymStatus,,Nomenclatural Status,,dc:nomenclaturalStatus. http://rs.tdwg.org/dwc/terms/index.htm#nomenclaturalStatus,http://www.w3.org/1999/02/22-rdf-syntax-ns#Property,Synonyms |  NomenclatureAndClassification,,,,
targetAudiences,target audiences,"Type of sequence of sequences of zero or more Atomized and Unstructured synonyms, each one with their optional ancillary data","Biodiversity researchers, teachers and students, decision makers, professionals from another areas and general public.",,http://www.w3.org/1999/02/22-rdf-syntax-ns#Property,SynonymsAtomized,,,,
taxonomicalDescription,taxonomic description,Description of Taxon,,"Description of Taxon: Brief description, Full description, Identification keys and Ancillary Data",http://www.w3.org/2000/01/rdf-schema#Class,TaxonRecord,,,,
taxonomicDescriptionType,,,,"Los ""Type"" los eliminamos ¿no? (FP)",,,,,,
taxonomicDescriptionUnstructured,unstructured taxonomic description,TaxonomicDescription element in text block format,,,http://www.w3.org/1999/02/22-rdf-syntax-ns#Property,TaxonomicDescription,,,,
TaxonRecord,taxon record,Information about the record.,,,http://www.w3.org/1999/02/22-rdf-syntax-ns#Property,,,,,
taxonRecordName,taxon recordname,,,tsc:ScientificName,http://www.w3.org/1999/02/22-rdf-syntax-ns#Property,,,,,
ScientificName,,,,,,TaxonRecordName,,,,
territoryUnstructured,unstructured territory,,,,http://www.w3.org/1999/02/22-rdf-syntax-ns#Property,,,,,
territory,territory,,,,http://www.w3.org/1999/02/22-rdf-syntax-ns#Property,,,,,
territoryAtomized,atomized territory,,,,http://www.w3.org/1999/02/22-rdf-syntax-ns#Property,,,,,
ExtentOfOccurrence,,,,,,Territory |  DemographyAndThreat,,,,
AreaOfOccupancy,,,,,,Territory |  DemographyAndThreat,,,,
threatStatusUnstructured,unstructured threat status,,,,http://www.w3.org/1999/02/22-rdf-syntax-ns#Property,,,,,
threatStatus,threat status,,,,http://www.w3.org/1999/02/22-rdf-syntax-ns#Property,,,,,
threatStatusAtomized,atomized threat status,,,,http://www.w3.org/1999/02/22-rdf-syntax-ns#Property,,,,,
ThreatCategory,,,,,,ThreatStatus |  DemographyAndThreat,,,,
Authority,,,,,,ThreatStatus |  DemographyAndThreat,,,,
AppliesTo,,,,,,ThreatStatus |  DemographyAndThreat,,,,
usesAtomized,atomized uses,,,,http://www.w3.org/1999/02/22-rdf-syntax-ns#Property,,,,,
uses,uses,Ways in which species are utilized by people,,,http://www.w3.org/1999/02/22-rdf-syntax-ns#Property,,,,,
usesManagementAndConservation,uses management and conservation,,,,http://www.w3.org/1999/02/22-rdf-syntax-ns#Property,,,,,
usesManagementAndConservationUnstructured,unstructured uses management and conservation,,,,http://www.w3.org/1999/02/22-rdf-syntax-ns#Property,,,,,
usesUnstructured,unstructured uses,Uses in a unstructured format.,,,http://www.w3.org/1999/02/22-rdf-syntax-ns#Property,,,,,
SourceOfInformation,,,,,,Uses |  UsesManagementAndConservation,,,,
Use-Value,,,,,,Uses |  UsesManagementAndConservation,,,,
PartUsed,,,,,,Uses |  UsesManagementAndConservation,,,,
Users,,,,,,Uses |  UsesManagementAndConservation,,,,
Organisms,,,,,,Uses |  UsesManagementAndConservation,,,,
VernacularNameUseAnnotations,,,,,,Uses |  UsesManagementAndConservation,,,,
ProductionDetails,,,,,,Uses |  UsesManagementAndConservation,,,,
MeansOfApplication-Administration,,,,,,Uses |  UsesManagementAndConservation,,,,
SeasonOfAvailability-Use,,,,,,Uses |  UsesManagementAndConservation,,,,
Conservation-ExplotationData,,,,,,Uses |  UsesManagementAndConservation,,,,
UseTypeAtomized,,,,,,Uses |  UsesManagementAndConservation,,,,
Economics,,,,,,Uses |  UsesManagementAndConservation,,,,
RatingPopularity,,,,,,Uses |  UsesManagementAndConservation,,,,
Properties,,,,,,Uses |  UsesManagementAndConservation,,,,
Potential,,,,,,Uses |  UsesManagementAndConservation,,,,
UseNotes,,,,,,Uses |  UsesManagementAndConservation,,,,
value,value,,,,http://www.w3.org/1999/02/22-rdf-syntax-ns#Property,,,,,
version,version,,,,http://www.w3.org/1999/02/22-rdf-syntax-ns#Property,,,,,
id,id,,,,http://www.w3.org/1999/02/22-rdf-syntax-ns#Property,,,,,
taxonRecordID,taxon record id,Unique identifier of the record within the database,,,http://www.w3.org/1999/02/22-rdf-syntax-ns#Property,BaseElements,,,,
scientificName,ScientificName,,"The value is an instance of tcs:ScientificName 
http://www.tdwg.org/schemas/tcs/1.01#ScientificName"," ScientificName"" type=""tcs:ScientificName""",http://www.w3.org/1999/02/22-rdf-syntax-ns#Property,TaxonRecordName,,,,
synonymName,synonymName,,"The value is an instance of tcs:ScientificName
http://www.tdwg.org/schemas/tcs/1.01#ScientificName","SynonymName"" type=""tcs:ScientificName"";",http://www.w3.org/1999/02/22-rdf-syntax-ns#Property,,,,,
AncillaryData,AncillaryData,"The AncillaryData element contains information that could be an image, an audio, a list of references, a list of agents, rights, licenses...related with the element it belongs.",AncillaryData should be information related with the element it belongs,eol:dataObjectBaseType,http://www.w3.org/1999/02/22-rdf-syntax-ns#Property,,,,,
