term_localName,label,definition,usage,notes,type,controlled_value_string,tdwgutility_organizedInClass,equivalentXPath,SKOS_inSchema,tdwgutility_repeatable,examples,database,vann_preferredNamespacePrefix,vann_preferredNamespaceUri
References,References,"It represents the references that an element could have, in one or more of the different format and schemas: BICI, CODEN,DOI, EISSN, HANDLE, ISBN, ISSN, LSID, OCLC, SICI, URL, URN",,Definition borrowed from EOL: referenceType.,http://www.w3.org/2000/01/rdf-schema#Class,,DatasetMetadata,,,,,plic,plic,http://rs.tdwg.org/plic/terms/
AnnualCycleUnstructured,Unstructured Annual Cycle,AnnualCyles element in text block format. ,,,http://www.w3.org/1999/02/22-rdf-syntax-ns#Property,,AnnualCycles,/Dataset/TaxonRecord/NaturalHistory/AnnualCycles/AnnualCycleUnstructured,,,,plic,plic,http://rs.tdwg.org/plic/terms/
StartTimeInterval,Start Time Interval,"The date-time or interval at which an event starts. Recommended best practice is to use an encoding scheme, such as ISO 8601:2004(E). A controlled vocabulary is recommended.",,"e.g. ""1963-03-08T14:07-0600"" is 8 Mar 1963 2:07pm in the time zone six hours earlier than UTC, ""2009-02-20T08:40Z"" is 20 Feb 2009 8:40am UTC, ""1809-02-12"" is 12 Feb 1809, ""1906-06"" is Jun 1906, ""1971"" is just that year, ""2007-03-01T13:00:00Z/2008-05-11T15:30:00Z"" is the interval between 1 Mar 2007 1pm UTC and 11 May 2008 3:30pm UTC, ""2007-11-13/15"" is the interval between 13 Nov 2007 and 15 Nov 2007.",http://www.w3.org/1999/02/22-rdf-syntax-ns#Property,,AnnualCycles,/Dataset/TaxonRecord/NaturalHistory/AnnualCycles/AnnualCycleAtomized/startTimeInterval,,,,plic,plic,http://rs.tdwg.org/plic/terms/
EndTimeInterval,End Time Interval,"The date-time or interval at which an event ends. Recommended best practice is to use an encoding scheme, such as ISO 8601:2004(E). A controlled vocabulary is recommended.",,"e.g. ""1963-03-08T14:07-0600"" is 8 Mar 1963 2:07pm in the time zone six hours earlier than UTC, ""2009-02-20T08:40Z"" is 20 Feb 2009 8:40am UTC, ""1809-02-12"" is 12 Feb 1809, ""1906-06"" is Jun 1906, ""1971"" is just that year, ""2007-03-01T13:00:00Z/2008-05-11T15:30:00Z"" is the interval between 1 Mar 2007 1pm UTC and 11 May 2008 3:30pm UTC, ""2007-11-13/15"" is the interval between 13 Nov 2007 and 15 Nov 2007.",http://www.w3.org/1999/02/22-rdf-syntax-ns#Property,,AnnualCycles,/Dataset/TaxonRecord/NaturalHistory/AnnualCycles/AnnualCycleAtomized/endTimeInterval,,,,plic,plic,http://rs.tdwg.org/plic/terms/
Event,Event,An action that occurs at some location during some time. A controlled vocabulary is recommended.,,,http://www.w3.org/1999/02/22-rdf-syntax-ns#Property,,AnnualCycles,/Dataset/TaxonRecord/NaturalHistory/AnnualCycles/AnnualCycleAtomized/Event,,,,plic,plic,http://rs.tdwg.org/plic/terms/
abstract,Abstract,A brief summary of the most relevant or attractive features of this taxon to the general public. Could point to any kind of information. ,,Example: Blue whale is the largest mammal in the world. ,http://www.w3.org/1999/02/22-rdf-syntax-ns#Property,,RecordMetadata,/Dataset/Metadata/dataset/abstract|/Dataset/TaxonRecord/BaseElements/Abstract,,,,plic,plic,http://rs.tdwg.org/plic/terms/
CommonName,Common Name,The name of the common name. ,,From GBIF EML profile,http://www.w3.org/1999/02/22-rdf-syntax-ns#Property,,NomenclatureAndClassification,/Dataset/TaxonRecord/NomenclatureAndClassification/CommonNames/CommonNamesAtomized/CommonName,,,,plic,plic,http://rs.tdwg.org/plic/terms/
UsedBy,Used By,Sometimes names used by one group of people are adopted by another. ,,,http://www.w3.org/1999/02/22-rdf-syntax-ns#Property ,,NomenclatureAndClassification,/Dataset/TaxonRecord/NomenclatureAndClassification/CommonNames/CommonNamesAtomized/UsedBy,,,,plic,plic,http://rs.tdwg.org/plic/terms/
commonNamesUnstructured,unstructured common names,CommonNames element in text block format.,,,http://www.w3.org/1999/02/22-rdf-syntax-ns#Property,,NomenclatureAndClassification,/Dataset/TaxonRecord/NomenclatureAndClassification/CommonNames/CommonNamesUnstructured,,,,plic,plic,http://rs.tdwg.org/plic/terms/
demographyAndThreatUnstructured,Unstructured Demography And Threat,demographyAndThreat element in unstructured format. ,,,http://www.w3.org/1999/02/22-rdf-syntax-ns#Property,,DemographyAndThreat,/Dataset/TaxonRecord/DemographyAndThreat/DemographyAndThreatUnstructured,,,,plic,plic,http://rs.tdwg.org/plic/terms/
legislationUnstructured,Unstructured Legislation,legislation element in text block format.,,,http://www.w3.org/1999/02/22-rdf-syntax-ns#Property,,DemographyAndThreat,/Dataset/TaxonRecord/DemographyAndThreat/Legislation/LegislationUnstructured,,,,plic,plic,http://rs.tdwg.org/plic/terms/
LegislationName,Legislation Name,Word or phrase to designate the law or group of laws.,,,http://www.w3.org/1999/02/22-rdf-syntax-ns#Property,,DemographyAndThreat,/Dataset/TaxonRecord/DemographyAndThreat/Legislation/LegislationAtomized/LegislationName,,,,plic,plic,http://rs.tdwg.org/plic/terms/
ProtectionLegalStatus,Protection Legal Status,Description of the legal status.,,,http://www.w3.org/1999/02/22-rdf-syntax-ns#Property,,DemographyAndThreat,/Dataset/TaxonRecord/DemographyAndThreat/Legislation/LegislationAtomized/ProtectionLegalStatus,,,,plic,plic,http://rs.tdwg.org/plic/terms/
LegislationRead,Legislation Read,The oficial document in which the user can read the legislation.,,,http://www.w3.org/1999/02/22-rdf-syntax-ns#Property,,DemographyAndThreat,/Dataset/TaxonRecord/DemographyAndThreat/Legislation/LegislationAtomized/LegislationRead,,,,plic,plic,http://rs.tdwg.org/plic/terms/
legislationStatus,Legislation Status,"Whether a piece of legislation is in force, or superseded, etc.",,,http://www.w3.org/1999/02/22-rdf-syntax-ns#Property,,DemographyAndThreat,/Dataset/TaxonRecord/DemographyAndThreat/Legislation/LegislationAtomized/LegislationStatus,,,,plic,plic,http://rs.tdwg.org/plic/terms/
legislationType,Legislation Type,Category of the piece of legislation.,,,http://www.w3.org/1999/02/22-rdf-syntax-ns#Property,,DemographyAndThreat,/Dataset/TaxonRecord/DemographyAndThreat/Legislation/LegislationAtomized/LegislationType,,,,plic,plic,http://rs.tdwg.org/plic/terms/
legalNorm,Legal Norm,"Norms are general legal principles that are widely accepted. This acceptance is evidenced in a number of ways, such as international agreements, national legislation, domestic and international judicial decisions, and scholarly writings.",,,http://www.w3.org/1999/02/22-rdf-syntax-ns#Property,,DemographyAndThreat,/Dataset/TaxonRecord/DemographyAndThreat/Legislation/LegislationAtomized/LegalNorm,,,,plic,plic,http://rs.tdwg.org/plic/terms/
DispersalUnstructured,Unstructured Dispersal,Dispersal element in text block format.,,,http://www.w3.org/1999/02/22-rdf-syntax-ns#Property,,Dispersal,/Dataset/TaxonRecord/NaturalHistory/Dispersal/DispersalUnstructured,,,,plic,plic,http://rs.tdwg.org/plic/terms/
DispersalMeans,Dispersal Means,"VCR. Zoochory, Anemochory, Hydrochory, Barochory, Autochory.",,"Type of dispersal, a controlled vocabulary is recommended.",http://www.w3.org/2004/02/skos/core#ConceptScheme ,,Dispersal,/Dataset/TaxonRecord/NaturalHistory/Dispersal/DispersalAtomized/DispersalMeans,,,,plic,plic,http://rs.tdwg.org/plic/terms/
StructureDispersed,Structure Dispersed ,"VCR: Seed, Fruit, Vegetative structure, Spores, Gametes, Eggs, Offspring and Individuals.",,"Structured that is dispersed for a given biologial propose, a controlled vocabulary is recommended.",http://www.w3.org/2004/02/skos/core#ConceptScheme ,,Dispersal,/Dataset/TaxonRecord/NaturalHistory/Dispersal/DispersalAtomized/StructureDispersed,,,,plic,plic,http://rs.tdwg.org/plic/terms/
Distance,Distance,The distance reached by the structured dispersed.,,It includes elements of type MeasurementOrFact,http://www.w3.org/1999/02/22-rdf-syntax-ns#Property ,,Dispersal,/Dataset/TaxonRecord/NaturalHistory/Dispersal/DispersalAtomized/Distance,,,Dispersal distance. e.g. 450 m. ,plic,plic,http://rs.tdwg.org/plic/terms/
FeedingType,Feeding Type,Primary diet source. A controlled vocabulary is recommended.,,,http://www.w3.org/1999/02/22-rdf-syntax-ns#Property,,Feeding,/Dataset/TaxonRecord/NaturalHistory/Feeding/FeedingAtomized/FeedingType,,,,plic,plic,http://rs.tdwg.org/plic/terms/
ecologicalSignificanceAtomized,Atomized Ecological Significance,Ecological Significance element in structured format.,,,http://www.w3.org/1999/02/22-rdf-syntax-ns#Property,,EcologicalSignificance,/Dataset/TaxonRecord/NaturalHistory/EcologicalSignificance/EcologicalSignificanceAtomized,,,,plic,plic,http://rs.tdwg.org/plic/terms/
ecologicalSignificanceUnstructured,Unstructured Ecological Significance,Ecological Significance element in text block format.,,,http://www.w3.org/1999/02/22-rdf-syntax-ns#Property,,EcologicalSignificance,/Dataset/TaxonRecord/NaturalHistory/EcologicalSignificance/EcologicalSignificanceUnstructured,,,,plic,plic,http://rs.tdwg.org/plic/terms/
environmentalEnvelopeAtomized,Atomized Environmental Envelope,Environmental envelope of a species expressed as an enumeration of measures and parameters.,,,http://www.w3.org/1999/02/22-rdf-syntax-ns#Property,,EnvironmentalEnvelope,/Dataset/TaxonRecord/NaturalHistory/EnvironmentalEnvelope/EnvironmentalEnvelopeAtomized,,,,plic,plic,http://rs.tdwg.org/plic/terms/
environmentalEnvelopeUnstructured,Unstructured Environmental Envelope,environmentalEnvelope as a text block.,,,http://www.w3.org/1999/02/22-rdf-syntax-ns#Property,,EnvironmentalEnvelope,/Dataset/TaxonRecord/NaturalHistory/EnvironmentalEnvelope/EnvironmentalEnvelopeUnstructured,,,,plic,plic,http://rs.tdwg.org/plic/terms/
feedingUnstructured,Unstructured Feeding,feeding element in text block format.,,,http://www.w3.org/1999/02/22-rdf-syntax-ns#Property,,Feeding,/Dataset/TaxonRecord/NaturalHistory/Feeding/FeedingUnstructured,,,,plic,plic,http://rs.tdwg.org/plic/terms/
DistributionUnstructured,Unstructured Distribution,Distribution element in text block format.,,,http://www.w3.org/1999/02/22-rdf-syntax-ns#Property,,HabitatAndDistribution,/Dataset/TaxonRecord/DemographyAndThreat/Legislation/LegislationAtomized/AppliesTo/DistributionUnstructured|/Dataset/TaxonRecord/DemographyAndThreat/ThreatStatus/ThreatStatusAtomized/AppliesTo/DistributionUnstructured|/Dataset/TaxonRecord/HabitatAndDistribution/Distribution/DistributionUnstructured|/Dataset/TaxonRecord/NomenclatureAndClassification/CommonNames/CommonNamesAtomized/UsedIn/DistributionUnstructured,,,,plic,plic,http://rs.tdwg.org/plic/terms/
DistributionScope,Distribution Scope,List of regions structured and categorized.,,"A controlled vocabulary is recommended. e.g. Historical, Current, Restricted and Wide. ",http://www.w3.org/1999/02/22-rdf-syntax-ns#Property,,HabitatAndDistribution,/Dataset/TaxonRecord/DemographyAndThreat/Legislation/LegislationAtomized/AppliesTo/DistributionScope|/Dataset/TaxonRecord/DemographyAndThreat/ThreatStatus/ThreatStatusAtomized/AppliesTo/DistributionScope|/Dataset/TaxonRecord/HabitatAndDistribution/Distribution/DistributionScope|/Dataset/TaxonRecord/NomenclatureAndClassification/CommonNames/CommonNamesAtomized/UsedIn/DistributionScope,,,,plic,plic,http://rs.tdwg.org/plic/terms/
GeographicEntity,Geographic Entity,Name of the geographic entity. ,,A controlled vocabulary --as specified in the Catalogue element-- is recommended. e.g. Spain; Aguascalientas; Alabama; Ambon,http://www.w3.org/1999/02/22-rdf-syntax-ns#Property ,,HabitatAndDistribution,/Dataset/TaxonRecord/DemographyAndThreat/Legislation/LegislationAtomized/AppliesTo/Distribution/DistributionAtomized/GeographicEntity|/Dataset/TaxonRecord/DemographyAndThreat/ThreatStatus/ThreatStatusAtomized/AppliesTo/Distribution/DistributionAtomized/GeographicEntity|/Dataset/TaxonRecord/NomenclatureAndClassification/CommonNames/CommonNamesAtomized/UsedIn/DistributionAtomized/GeographicEntity|/Dataset/TaxonRecord/HabitatAndDistribution/Distribution/DistributionAtomized/GeographicEntity,,,,plic,plic,http://rs.tdwg.org/plic/terms/
EndemicTo,Endemic To,A territory in which an endemic species appear. A controlled vocabulary is recommended. The term may go from local to above-country levels.,,"Examples: Giant panda (Ailuropoda melanoleuca (David, 1869) endemic to China. Quetzal Resplendent (Pharomachrus mocinno de la Llave, 1832) endemic to Mexico, Guatemala, Honduras, El Salvador, Nicaragua, Costa Rica and Panama.",http://www.w3.org/1999/02/22-rdf-syntax-ns#Property,,HabitatAndDistribution,/Dataset/TaxonRecord/HabitatAndDistribution/Endemic/EndemicAtomized/EndemicTo,,,,plic,plic,http://rs.tdwg.org/plic/terms/
EndemicIn,Endemic In,The area that works as a context for specifying endemic areas of a species. A controlled vocabulary is recommended. The term may go from local to above-country levels.,,"If not specified, the Earth as a whole is assumed as the geographical context. Examples: Vicu√±a (Vicugna vicugna Molina, 1782) endemic to the Andean region **in South America**. Manzanilla Real (Artemisia granatensis Boiss.) endemic in the peaks of Sierra Nevada (**in Spain**).",http://www.w3.org/1999/02/22-rdf-syntax-ns#Property,,HabitatAndDistribution,/Dataset/TaxonRecord/HabitatAndDistribution/Endemic/EndemicAtomized/EndemicIn,,,,plic,plic,http://rs.tdwg.org/plic/terms/
endemicUnstructured,Unstructured Endemic,Information on the endemicity of a species as a text block.,,,http://www.w3.org/1999/02/22-rdf-syntax-ns#Property,,HabitatAndDistribution,/Dataset/TaxonRecord/HabitatAndDistribution/Endemic/EndemicUnstructured,,,,plic,plic,http://rs.tdwg.org/plic/terms/
habitatAtomized,Atomized Habitat,habitatAndDistribution element in structured format.,,,http://www.w3.org/1999/02/22-rdf-syntax-ns#Property,,HabitatAndDistribution,/Dataset/TaxonRecord/HabitatAndDistribution/Habitats/HabitatAtomized,,,,plic,plic,http://rs.tdwg.org/plic/terms/
habitatAndDistributionUnstructured,Unstructured Habitat And Distribution,habitatAndDistribution element in text block format.,,,http://www.w3.org/1999/02/22-rdf-syntax-ns#Property,,HabitatAndDistribution,/Dataset/TaxonRecord/HabitatAndDistribution/HabitatAndDistributionUnstructured,,,,plic,plic,http://rs.tdwg.org/plic/terms/
habitatUnstructured,Unstructured Habitat,habitat element in text block format.,,,http://www.w3.org/1999/02/22-rdf-syntax-ns#Property,,HabitatAndDistribution,/Dataset/TaxonRecord/HabitatAndDistribution/Habitats/HabitatUnstructured,,,,plic,plic,http://rs.tdwg.org/plic/terms/
SpeciesInteractionType,Species Interaction Type,String with the type of interaction. Each element is separated by comma and each list of elements by.,,,http://www.w3.org/1999/02/22-rdf-syntax-ns#Property,,Interactions,/Dataset/TaxonRecord/NaturalHistory/Interactions/InteractionAtomized/SpeciesInteractionType,,,,plic,plic,http://rs.tdwg.org/plic/terms/
invasivenessUnstructured,Unstructured Invasiveness,invasiveness element in text block format.,,,http://www.w3.org/1999/02/22-rdf-syntax-ns#Property,,Invasiveness,/Dataset/TaxonRecord/Invasiveness/InvasivenessUnstructured,,,,plic,plic,http://rs.tdwg.org/plic/terms/
WhatImpact,What Impact,"An indication of the actual impact as a free text string. e.g. destroys riparian vegetation, destroys irrigation systems, displaces Arvicola sapidus.",,,http://www.w3.org/1999/02/22-rdf-syntax-ns#Property,,Invasiveness,/Dataset/TaxonRecord/Invasiveness/InvasivenessAtomized/WhatImpact,,,,plic,plic,http://rs.tdwg.org/plic/terms/
vector,Vector,"By which means a species occupies a new territory. e.g. fishing boats; dirty boots, cars (Aedes albopictus).",,,http://www.w3.org/1999/02/22-rdf-syntax-ns#Property,,Invasiveness,/Dataset/TaxonRecord/Invasiveness/InvasivenessAtomized/vector,,,,plic,plic,http://rs.tdwg.org/plic/terms/
Route,Route,This is equivalent and probably replaceable by gisin:route.,,,http://www.w3.org/1999/02/22-rdf-syntax-ns#Property,,Invasiveness,/Dataset/TaxonRecord/Invasiveness/InvasivenessAtomized/Route,,,,plic,plic,http://rs.tdwg.org/plic/terms/
impactTarget,Impact Target,This is equivalent and probably replaceable by gisin:impactTarget.,,,http://www.w3.org/2004/02/skos/core#ConceptScheme,,Invasiveness,/Dataset/TaxonRecord/Invasiveness/InvasivenessAtomized/impactTarget,,,,plic,plic,http://rs.tdwg.org/plic/terms/
impactMechanism,Impact Mechanism,Mechanism of introduction or impact to a new location.,,,http://www.w3.org/2004/02/skos/core#ConceptScheme,,Invasiveness,/Dataset/TaxonRecord/Invasiveness/InvasivenessAtomized/impactMechanism,,,,plic,plic,http://rs.tdwg.org/plic/terms/
Dataset_ID,Dataset ID,An identifier for the dataset.,,,http://www.w3.org/1999/02/22-rdf-syntax-ns#Property,,DatasetMetadata,/Dataset/Metadata/Dataset_ID,,,,plic,plic,http://rs.tdwg.org/plic/terms/
detailAtomized,Atomized Detail,MiscDetail element in structured format.,,,http://www.w3.org/1999/02/22-rdf-syntax-ns#Property,,NomenclatureAndClassification,/Dataset/TaxonRecord/NaturalHistory/MiscDetails/DetailAtomized|/Dataset/TaxonRecord/NomenclatureAndClassification/MiscDetails/DetailAtomized,,,,plic,plic,http://rs.tdwg.org/plic/terms/
BirthRate,Birth rate,Ratio of births to the total number of individuals in a population in a time period.,,,http://www.w3.org/1999/02/22-rdf-syntax-ns#Property,,DemographyAndThreat,/Dataset/TaxonRecord/DemographyAndThreat/PopulationBiology/PopulationBiologyAtomized/BirthRate,,,,plic,plic,http://rs.tdwg.org/plic/terms/
NumberIndividualsPerObservation,Number individuals per observation,Mean number of individuals per observation event or unit.,,,http://www.w3.org/1999/02/22-rdf-syntax-ns#Property,,DemographyAndThreat,/Dataset/TaxonRecord/DemographyAndThreat/PopulationBiology/PopulationBiologyAtomized/NumberIndividualsPerObservation,,,,plic,plic,http://rs.tdwg.org/plic/terms/
AverageDensity,Average density,Average of the densities obtained for a population.,,,http://www.w3.org/1999/02/22-rdf-syntax-ns#Property,,DemographyAndThreat,/Dataset/TaxonRecord/DemographyAndThreat/PopulationBiology/PopulationBiologyAtomized/AverageDensity,,,,plic,plic,http://rs.tdwg.org/plic/terms/
PopulationTrend,Population trend,"Changes of a population over time and can include changes in distribution, biogeography (e.g., size of population), life-history (e.g., birth and death rates), etc.",,,http://www.w3.org/1999/02/22-rdf-syntax-ns#Property,,DemographyAndThreat,/Dataset/TaxonRecord/DemographyAndThreat/PopulationBiology/PopulationBiologyAtomized/PopulationTrend,,,,plic,plic,http://rs.tdwg.org/plic/terms/
Recruitment,Recruitment,"Information on the process by which young individuals (e.g., seedlings, larvae, propagules) become part of the adult population. It can be rate, scale, a description, etc.",,,http://www.w3.org/1999/02/22-rdf-syntax-ns#Property,,DemographyAndThreat,/Dataset/TaxonRecord/DemographyAndThreat/PopulationBiology/PopulationBiologyAtomized/Recruitment,,,,plic,plic,http://rs.tdwg.org/plic/terms/
PopulationGrowthRate,Population growth rate,"Growth rate of a population in a given time period, based on births, deaths, emigration and immigration.",,,http://www.w3.org/1999/02/22-rdf-syntax-ns#Property,,DemographyAndThreat,/Dataset/TaxonRecord/DemographyAndThreat/PopulationBiology/PopulationBiologyAtomized/PopulationGrowthRate,,,,plic,plic,http://rs.tdwg.org/plic/terms/
Emigration,Emigration,Information on individuals leaving a population.,,,http://www.w3.org/1999/02/22-rdf-syntax-ns#Property,,DemographyAndThreat,/Dataset/TaxonRecord/DemographyAndThreat/PopulationBiology/PopulationBiologyAtomized/Emigration,,,,plic,plic,http://rs.tdwg.org/plic/terms/
Immigration,Immigration,Information on individuals entering a population.,,,http://www.w3.org/1999/02/22-rdf-syntax-ns#Property,,DemographyAndThreat,/Dataset/TaxonRecord/DemographyAndThreat/PopulationBiology/PopulationBiologyAtomized/Immigration,,,,plic,plic,http://rs.tdwg.org/plic/terms/
DescriptionLifeStages,Description life stages,Sex/age categories or life stages of a species; can be size in the case of plants.,,,http://www.w3.org/1999/02/22-rdf-syntax-ns#Property,,DemographyAndThreat,/Dataset/TaxonRecord/DemographyAndThreat/PopulationBiology/PopulationBiologyAtomized/DescriptionLifeStages,,,,plic,plic,http://rs.tdwg.org/plic/terms/
ProportionIndividualsPerStageLife,ProportionIndividuals per stage life,Percentage of individuals that belong to each life stage in a population.,,,http://www.w3.org/1999/02/22-rdf-syntax-ns#Property,,DemographyAndThreat,/Dataset/TaxonRecord/DemographyAndThreat/PopulationBiology/PopulationBiologyAtomized/ProportionIndividualsPerStageLife,,,,plic,plic,http://rs.tdwg.org/plic/terms/
CarryingCapacity,Carrying capacity,Maximum population density possible as limited by the resources available for the population in the absence of predators and parasites.,,,http://www.w3.org/1999/02/22-rdf-syntax-ns#Property,,DemographyAndThreat,/Dataset/TaxonRecord/DemographyAndThreat/PopulationBiology/PopulationBiologyAtomized/CarryingCapacity,,,,plic,plic,http://rs.tdwg.org/plic/terms/
AbundanceData,AbundanceData,The relative representation of a species population in relation to other species or multiple species in a particular territory.,,,http://www.w3.org/1999/02/22-rdf-syntax-ns#Property,,DemographyAndThreat,/Dataset/TaxonRecord/DemographyAndThreat/PopulationBiology/PopulationBiologyAtomized/AbundanceData,,,,plic,plic,http://rs.tdwg.org/plic/terms/
DensityData,DensityData,Population size in relation to a defined space unit.,,,http://www.w3.org/1999/02/22-rdf-syntax-ns#Property,,DemographyAndThreat,/Dataset/TaxonRecord/DemographyAndThreat/PopulationBiology/PopulationBiologyAtomized/DensityData,,,,plic,plic,http://rs.tdwg.org/plic/terms/
PatternDistribution,Pattern distribution,The spatial arrangement of the individuals of a population in the territory it occupies.,,,http://www.w3.org/1999/02/22-rdf-syntax-ns#Property,,DemographyAndThreat,/Dataset/TaxonRecord/DemographyAndThreat/PopulationBiology/PopulationBiologyAtomized/PatternDistribution,,,,plic,plic,http://rs.tdwg.org/plic/terms/
Size,Size,Number of individual organisms in a population.,,,http://www.w3.org/1999/02/22-rdf-syntax-ns#Property,,DemographyAndThreat,/Dataset/TaxonRecord/DemographyAndThreat/PopulationBiology/PopulationBiologyAtomized/Size,,,,plic,plic,http://rs.tdwg.org/plic/terms/
SexRatio,SexRatio,Relative number of males to females in a population.,,,http://www.w3.org/1999/02/22-rdf-syntax-ns#Property,,DemographyAndThreat,/Dataset/TaxonRecord/DemographyAndThreat/PopulationBiology/PopulationBiologyAtomized/SexRatio,,,,plic,plic,http://rs.tdwg.org/plic/terms/
Fecundity,Fecundity,"In the context of a population, is the combined maximum potential of its individuals to produce offspring.",,,http://www.w3.org/1999/02/22-rdf-syntax-ns#Property,,DemographyAndThreat,/Dataset/TaxonRecord/DemographyAndThreat/PopulationBiology/PopulationBiologyAtomized/Fecundity,,,,plic,plic,http://rs.tdwg.org/plic/terms/
MortalityRate,Mortality rate,Probability of dying; the ratio between the number of deaths in a given time interval to the number of subjects alive at the start of this interval.,,,http://www.w3.org/1999/02/22-rdf-syntax-ns#Property,,DemographyAndThreat,/Dataset/TaxonRecord/DemographyAndThreat/PopulationBiology/PopulationBiologyAtomized/MortalityRate,,,,plic,plic,http://rs.tdwg.org/plic/terms/
Revision,Revision,"Creators, revision status and dates of the record.",,,http://www.w3.org/1999/02/22-rdf-syntax-ns#Property,,RecordMetadata,/Dataset/TaxonRecord/RecordMetadata/Revision,,,,plic,plic,http://rs.tdwg.org/plic/terms/
ExtentOfOccurrence,Extent of occurrence,"Area contained within the shortest continuous imaginary boundary which can be drawn to encompass all the known, inferred or projected sites of present occurrence of a taxon, excluding cases of vagrancy.",,,http://www.w3.org/1999/02/22-rdf-syntax-ns#Property,,DemographyAndThreat,/Dataset/TaxonRecord/DemographyAndThreat/Territory/TerritoryAtomized/ExtentOfOccurrence,,,,plic,plic,http://rs.tdwg.org/plic/terms/
AreaOfOccupancy,Area of occupancy,"Area within its 'extent of occurrence' (see EOO) which is occupied by a taxon, excluding cases of vagrancy. The measure reflects the fact that a taxon will not usually occur throughout the area of its extent of occurrence, which may contain unsuitable or unoccupied habitats.",,,http://www.w3.org/1999/02/22-rdf-syntax-ns#Property,,DemographyAndThreat,/Dataset/TaxonRecord/DemographyAndThreat/Territory/TerritoryAtomized/AreaOfOccupancy,,,,plic,plic,http://rs.tdwg.org/plic/terms/
DirectThreatAtomized,Atomized Direct Threat,directThreats element in structured format. ,,,http://www.w3.org/1999/02/22-rdf-syntax-ns#Property,,DemographyAndThreat,/Dataset/TaxonRecord/DemographyAndThreat/DirectThreats/DirectThreatAtomized,,,,plic,plic,http://rs.tdwg.org/plic/terms/
TrophicStrategy,Trophic Strategy,"Tactic used to obtain energy or nutrients. A controlled vocabulary is recommended. e.g. Chemosynthetic organisms, Photosynthetic organisms, Parasites, Decomposers, Suspension feeders, Substrate feeders, Grazers, Fluid-feeders, Predators...",,,http://www.w3.org/2004/02/skos/core#ConceptScheme,,Feeding,/Dataset/TaxonRecord/NaturalHistory/Feeding/FeedingAtomized/Thropic/TrophicStrategy,,,,plic,plic,http://rs.tdwg.org/plic/terms/
TrophicStrategyRemarks,Trophic Strategy Remarks,Information notes about specific feeding strategies.,,,http://www.w3.org/2004/02/skos/core#ConceptScheme,,Feeding,/Dataset/TaxonRecord/NaturalHistory/Feeding/FeedingAtomized/Thropic/TrophicStrategyRemarks,,,,plic,plic,http://rs.tdwg.org/plic/terms/
UsesUnstructured,Unstructured Uses,Uses in a unstructured format.,,,http://www.w3.org/1999/02/22-rdf-syntax-ns#Property,,UsesManagementAndConservation,/Dataset/TaxonRecord/UsesManagementAndConservation/Uses/UsesUnstructured,,,,plic,plic,http://rs.tdwg.org/plic/terms/
Use-Value,Use-Value,"What is the plant used for, or what negative values does it have.",,,http://www.w3.org/1999/02/22-rdf-syntax-ns#Property,,UsesManagementAndConservation,/Dataset/TaxonRecord/UsesManagementAndConservation/Uses/UsesAtomized/Use-Value,,,,plic,plic,http://rs.tdwg.org/plic/terms/
PartUsed,Part Used,"Acc. TDWG Economic Botany. Which plant parts are used, or have any negative values.",,,http://www.w3.org/1999/02/22-rdf-syntax-ns#Property,,UsesManagementAndConservation,/Dataset/TaxonRecord/UsesManagementAndConservation/Uses/UsesAtomized/PartUsed,,,,plic,plic,http://rs.tdwg.org/plic/terms/
Users,Users,Acc. TDWG Economic Botany. The user group who recognizes the value and/or use of the plant.,,,http://www.w3.org/1999/02/22-rdf-syntax-ns#Property,,UsesManagementAndConservation,/Dataset/TaxonRecord/UsesManagementAndConservation/Uses/UsesAtomized/Users,,,,plic,plic,http://rs.tdwg.org/plic/terms/
Organisms,Organisms,Acc. TDWG Economic Botany. Organisms which use the plant/plant parts.,,,http://www.w3.org/1999/02/22-rdf-syntax-ns#Property,,UsesManagementAndConservation,/Dataset/TaxonRecord/UsesManagementAndConservation/Uses/UsesAtomized/Organisms,,,,plic,plic,http://rs.tdwg.org/plic/terms/
VernacularNameUseAnnotations,Vernacular Name Use Annotations,"Acc. TDWG Economic Botany. The name of the taxon must be distinguished from the name of the plant parts, the names of any processing stages, and the final product name. Names used in trade should be identified. It should also be mentioned if any vernacular name refers to more than one taxon. The use of some names may be restricted to a time of year or occasion, or have sacred connotations. The language or dialect to which the names belong should be stated along with details of the ethnic group. Care should be taken with transliteration into the Roman alphabet; if a standard system exists, use it and note which one it is.",,,http://www.w3.org/1999/02/22-rdf-syntax-ns#Property,,UsesManagementAndConservation,/Dataset/TaxonRecord/UsesManagementAndConservation/Uses/UsesAtomized/VernacularNameUseAnnotations,,,,plic,plic,http://rs.tdwg.org/plic/terms/
ProductionDetails,Production Details,"Definition: Acc. TDWG Economic Botany. (where relevant). Give details of protection, cultivation, harvesting, yields, processing and storage methods used and take note of special tools, timing etc.",,,http://www.w3.org/1999/02/22-rdf-syntax-ns#Property,,UsesManagementAndConservation,/Dataset/TaxonRecord/UsesManagementAndConservation/Uses/UsesAtomized/ProductionDetails,,,,plic,plic,http://rs.tdwg.org/plic/terms/
MeansOfApplication-Administration,Means of Application-Administration,"Acc. TDWG Economic Botany. This is specific relevant for medicines, poisons .",,,http://www.w3.org/1999/02/22-rdf-syntax-ns#Property,,UsesManagementAndConservation,/Dataset/TaxonRecord/UsesManagementAndConservation/Uses/UsesAtomized/MeansOfApplication-Administration,,,,plic,plic,http://rs.tdwg.org/plic/terms/
SeasonOfAvailability-Use,Season of Availability-Use,"Acc. TDWG Economic Botany. The season in which the plant is available/is used and, if relevant, the time of day.",,,http://www.w3.org/1999/02/22-rdf-syntax-ns#Property,,UsesManagementAndConservation,/Dataset/TaxonRecord/UsesManagementAndConservation/Uses/UsesAtomized/SeasonOfAvailability-Use,,,,plic,plic,http://rs.tdwg.org/plic/terms/
Conservation-ExplotationData,Conservation-Explotation Data,"Acc. TDWG Economic Botany. Frequency record of plants, details of regeneration, sustainability or over-exploitation and any locally imposed bans on felling or harvesting.",,,http://www.w3.org/1999/02/22-rdf-syntax-ns#Property,,UsesManagementAndConservation,/Dataset/TaxonRecord/UsesManagementAndConservation/Uses/UsesAtomized/Conservation-ExplotationData,,,,plic,plic,http://rs.tdwg.org/plic/terms/
UseType,Use Type,"Acc. TDWG Economic Botany. Type of use: traditional, modern, industrial or just a possible use.",,,http://www.w3.org/1999/02/22-rdf-syntax-ns#Property,,UsesManagementAndConservation,,,,,plic,plic,http://rs.tdwg.org/plic/terms/
Economics,Economics,"Acc. TDWG Economic Botany. Real or potential existence of trade in live plants, plant parts or derivatives and, if so, the trade scale.",,,http://www.w3.org/1999/02/22-rdf-syntax-ns#Property,,UsesManagementAndConservation,/Dataset/TaxonRecord/UsesManagementAndConservation/Uses/UsesAtomized/Economics,,,,plic,plic,http://rs.tdwg.org/plic/terms/
RatingPopularity,Rating Popularity,"Acc. TDWG Economic Botany. Assessment of the plant for its use and possible preference to other species, pointing out, in this case, which species are they.",,,http://www.w3.org/1999/02/22-rdf-syntax-ns#Property,,UsesManagementAndConservation,/Dataset/TaxonRecord/UsesManagementAndConservation/Uses/UsesAtomized/RatingPopularity,,,,plic,plic,http://rs.tdwg.org/plic/terms/
Properties,Properties,Acc. TDWG Economic Botany. Details of properties which influence its value for a specified purpose.,,,http://www.w3.org/1999/02/22-rdf-syntax-ns#Property,,UsesManagementAndConservation,/Dataset/TaxonRecord/UsesManagementAndConservation/Uses/UsesAtomized/Properties,,,,plic,plic,http://rs.tdwg.org/plic/terms/
Potential,Potential,"Acc. TDWG Economic Botany. Could the use, cultivation, manufacture of products etc. be increased and /or introduced to other areas or social groups?",,,http://www.w3.org/1999/02/22-rdf-syntax-ns#Property,,UsesManagementAndConservation,/Dataset/TaxonRecord/UsesManagementAndConservation/Uses/UsesAtomized/Potential,,,,plic,plic,http://rs.tdwg.org/plic/terms/
UseNotes,Use Notes,Notes about how species are utilized by people.,,,http://www.w3.org/1999/02/22-rdf-syntax-ns#Property,,UsesManagementAndConservation,/Dataset/TaxonRecord/UsesManagementAndConservation/Uses/UsesAtomized/UseNotes,,,,plic,plic,http://rs.tdwg.org/plic/terms/
Objectives,Objectives,Specific purposes of the management actions. Each objective must be separated by ;,,,http://www.w3.org/1999/02/22-rdf-syntax-ns#Property,,UsesManagementAndConservation,/Dataset/TaxonRecord/UsesManagementAndConservation/ManagementAndConservation/ManagementAndConservationAtomized/Objectives,,,,plic,plic,http://rs.tdwg.org/plic/terms/
ManagementPlan,Management Plan,plan guiding the overall management project.,,,http://www.w3.org/1999/02/22-rdf-syntax-ns#Property,,UsesManagementAndConservation,/Dataset/TaxonRecord/UsesManagementAndConservation/ManagementAndConservation/ManagementAndConservationAtomized/ManagementPlan,,,,plic,plic,http://rs.tdwg.org/plic/terms/
Actions,Actions,Individual tasks in which a management project can be atomized. Each action must be separated by ;,,,http://www.w3.org/1999/02/22-rdf-syntax-ns#Property,,UsesManagementAndConservation,/Dataset/TaxonRecord/UsesManagementAndConservation/ManagementAndConservation/ManagementAndConservationAtomized/Actions,,,,plic,plic,http://rs.tdwg.org/plic/terms/
ActionsType,Actions Type,Each action must have one type. In the case that one action doesn't have type then put blank.,,,http://www.w3.org/1999/02/22-rdf-syntax-ns#Property,,UsesManagementAndConservation,,,,,plic,plic,http://rs.tdwg.org/plic/terms/
HumanAndEnvironmentalrelevance,Human and Environmental Relevance,"Impact or value an species has either on the environment or on humans, and that justify management measures.",,,http://www.w3.org/1999/02/22-rdf-syntax-ns#Property,,UsesManagementAndConservation,/Dataset/TaxonRecord/UsesManagementAndConservation/ManagementAndConservation/ManagementAndConservationAtomized/HumanAndEnvironmentalRelevance,,,,plic,plic,http://rs.tdwg.org/plic/terms/
UsesManagementAndConservationUnstructured,Uses Management and Conservation Unstructured ,UsesManagementAndConservation element in text block format.,,,http://www.w3.org/1999/02/22-rdf-syntax-ns#Property,,UsesManagementAndConservation,/Dataset/TaxonRecord/UsesManagementAndConservation/UsesManagementAndConservationUnstructured,,,,plic,plic,http://rs.tdwg.org/plic/terms/
Audience,Audience,Repetitive concept where the target audiences are written one by one.,,Predetermined list: 01. Expert (High). 02. Knowledgeable (Medium). 03. General (Low).,http://www.w3.org/2004/02/skos/core#ConceptScheme,,RecordMetadata,/Dataset/AncillaryData/audience|/Dataset/TaxonRecord/AncillaryData/audience|/Dataset/TaxonRecord/DemographyAndThreat/AncillaryData/audience|/Dataset/TaxonRecord/DemographyAndThreat/DirectThreats/AncillaryData/audience|/Dataset/TaxonRecord/DemographyAndThreat/DirectThreats/DirectThreatAtomized/AncillaryData/audience|/Dataset/TaxonRecord/DemographyAndThreat/Legislation/AncillaryData/audience|/Dataset/TaxonRecord/DemographyAndThreat/Legislation/LegislationAtomized/AncillaryData/audience|/Dataset/TaxonRecord/DemographyAndThreat/Legislation/LegislationAtomized/AppliesTo/DistributionScope/AncillaryData/audience|/Dataset/TaxonRecord/DemographyAndThreat/PopulationBiology/AncillaryData/audience|/Dataset/TaxonRecord/DemographyAndThreat/PopulationBiology/PopulationBiologyAtomized/AbundanceData/AncillaryData/audience|/Dataset/TaxonRecord/DemographyAndThreat/PopulationBiology/PopulationBiologyAtomized/AncillaryData/audience|/Dataset/TaxonRecord/DemographyAndThreat/PopulationBiology/PopulationBiologyAtomized/AverageDensity/AncillaryData/audience|/Dataset/TaxonRecord/DemographyAndThreat/PopulationBiology/PopulationBiologyAtomized/BirthRate/AncillaryData/audience|/Dataset/TaxonRecord/DemographyAndThreat/PopulationBiology/PopulationBiologyAtomized/CarryingCapacity/AncillaryData/audience|/Dataset/TaxonRecord/DemographyAndThreat/PopulationBiology/PopulationBiologyAtomized/DensityData/AncillaryData/audience|/Dataset/TaxonRecord/DemographyAndThreat/PopulationBiology/PopulationBiologyAtomized/DescriptionLifeStages/AncillaryData/audience|/Dataset/TaxonRecord/DemographyAndThreat/PopulationBiology/PopulationBiologyAtomized/Emigration/AncillaryData/audience|/Dataset/TaxonRecord/DemographyAndThreat/PopulationBiology/PopulationBiologyAtomized/Fecundity/AncillaryData/audience|/Dataset/TaxonRecord/DemographyAndThreat/PopulationBiology/PopulationBiologyAtomized/Immigration/AncillaryData/audience|/Dataset/TaxonRecord/DemographyAndThreat/PopulationBiology/PopulationBiologyAtomized/MortalityRate/AncillaryData/audience|/Dataset/TaxonRecord/DemographyAndThreat/PopulationBiology/PopulationBiologyAtomized/NumberIndividualsPerObservation/AncillaryData/audience|/Dataset/TaxonRecord/DemographyAndThreat/PopulationBiology/PopulationBiologyAtomized/PatternDistribution/AncillaryData/audience|/Dataset/TaxonRecord/DemographyAndThreat/PopulationBiology/PopulationBiologyAtomized/PopulationGrowthRate/AncillaryData/audience|/Dataset/TaxonRecord/DemographyAndThreat/PopulationBiology/PopulationBiologyAtomized/PopulationTrend/AncillaryData/audience|/Dataset/TaxonRecord/DemographyAndThreat/PopulationBiology/PopulationBiologyAtomized/ProportionIndividualsPerStageLife/AncillaryData/audience|/Dataset/TaxonRecord/DemographyAndThreat/PopulationBiology/PopulationBiologyAtomized/Recruitment/AncillaryData/audience|/Dataset/TaxonRecord/DemographyAndThreat/PopulationBiology/PopulationBiologyAtomized/SexRatio/AncillaryData/audience|/Dataset/TaxonRecord/DemographyAndThreat/PopulationBiology/PopulationBiologyAtomized/Size/AncillaryData/audience|/Dataset/TaxonRecord/DemographyAndThreat/Territory/AncillaryData/audience|/Dataset/TaxonRecord/DemographyAndThreat/Territory/TerritoryAtomized/AncillaryData/audience|/Dataset/TaxonRecord/DemographyAndThreat/Territory/TerritoryAtomized/AreaOfOccupancy/AncillaryData/audience|/Dataset/TaxonRecord/DemographyAndThreat/Territory/TerritoryAtomized/ExtentOfOccurrence/AncillaryData/audience|/Dataset/TaxonRecord/DemographyAndThreat/ThreatStatus/AncillaryData/audience|/Dataset/TaxonRecord/DemographyAndThreat/ThreatStatus/ThreatStatusAtomized/AppliesTo/DistributionScope/AncillaryData/audience|/Dataset/TaxonRecord/HabitatAndDistribution/AncillaryData/audience|/Dataset/TaxonRecord/HabitatAndDistribution/Distribution/DistributionScope/AncillaryData/audience|/Dataset/TaxonRecord/HabitatAndDistribution/Endemic/AncillaryData/audience|/Dataset/TaxonRecord/HabitatAndDistribution/Endemic/EndemicAtomized/AncillaryData/audience|/Dataset/TaxonRecord/HabitatAndDistribution/Habitats/AncillaryData/audience|/Dataset/TaxonRecord/HabitatAndDistribution/Habitats/HabitatAtomized/AncillaryData/audience|/Dataset/TaxonRecord/Invasiveness/AncillaryData/audience|/Dataset/TaxonRecord/Invasiveness/InvasivenessAtomized/AncillaryData/audience|/Dataset/TaxonRecord/NaturalHistory/AncillaryData/audience|/Dataset/TaxonRecord/NaturalHistory/AnnualCycles/AncillaryData/audience|/Dataset/TaxonRecord/NaturalHistory/AnnualCycles/AnnualCycleAtomized/AncillaryData/audience|/Dataset/TaxonRecord/NaturalHistory/Behavior/AncillaryData/audience|/Dataset/TaxonRecord/NaturalHistory/Behavior/BehaviorAtomized/AncillaryData/audience|/Dataset/TaxonRecord/NaturalHistory/Dispersal/AncillaryData/audience|/Dataset/TaxonRecord/NaturalHistory/Dispersal/DispersalAtomized/AncillaryData/audience|/Dataset/TaxonRecord/NaturalHistory/EcologicalSignificance/AncillaryData/audience|/Dataset/TaxonRecord/NaturalHistory/EcologicalSignificance/EcologicalSignificanceAtomized/AncillaryData/audience|/Dataset/TaxonRecord/NaturalHistory/EnvironmentalEnvelope/AncillaryData/audience|/Dataset/TaxonRecord/NaturalHistory/EnvironmentalEnvelope/EnvironmentalEnvelopeAtomized/AncillaryData/audience|/Dataset/TaxonRecord/NaturalHistory/Feeding/AncillaryData/audience|/Dataset/TaxonRecord/NaturalHistory/Feeding/FeedingAtomized/AncillaryData/audience|/Dataset/TaxonRecord/NaturalHistory/Interactions/AncillaryData/audience|/Dataset/TaxonRecord/NaturalHistory/Interactions/InteractionAtomized/AncillaryData/audience|/Dataset/TaxonRecord/NaturalHistory/LifeCycle/AncillaryData/audience|/Dataset/TaxonRecord/NaturalHistory/LifeCycle/LifeCycleAtomized/AncillaryData/audience|/Dataset/TaxonRecord/NaturalHistory/LifeForm/AncillaryData/audience|/Dataset/TaxonRecord/NaturalHistory/LifeForm/LifeFormAtomized/AncillaryData/audience|/Dataset/TaxonRecord/NaturalHistory/Migratory/AncillaryData/audience|/Dataset/TaxonRecord/NaturalHistory/Migratory/MigratoryAtomized/AncillaryData/audience|/Dataset/TaxonRecord/NaturalHistory/MiscDetails/AncillaryData/audience|/Dataset/TaxonRecord/NaturalHistory/MiscDetails/DetailAtomized/AncillaryData/audience|/Dataset/TaxonRecord/NaturalHistory/MolecularData/AncillaryData/audience|/Dataset/TaxonRecord/NaturalHistory/MolecularData/MolecularDataAtomized/AncillaryData/audience|/Dataset/TaxonRecord/NaturalHistory/Reproduction/AncillaryData/audience|/Dataset/TaxonRecord/NaturalHistory/Reproduction/ReproductionAtomized/AncillaryData/audience|/Dataset/TaxonRecord/NomenclatureAndClassification/AncillaryData/audience|/Dataset/TaxonRecord/NomenclatureAndClassification/CommonNames/AncillaryData/audience|/Dataset/TaxonRecord/NomenclatureAndClassification/CommonNames/CommonNamesAtomized/AncillaryData/audience|/Dataset/TaxonRecord/NomenclatureAndClassification/CommonNames/CommonNamesAtomized/UsedIn/DistributionScope/AncillaryData/audience|/Dataset/TaxonRecord/NomenclatureAndClassification/Hierarchy/AncillaryData/audience|/Dataset/TaxonRecord/NomenclatureAndClassification/MiscDetails/AncillaryData/audience|/Dataset/TaxonRecord/NomenclatureAndClassification/MiscDetails/DetailAtomized/AncillaryData/audience|/Dataset/TaxonRecord/NomenclatureAndClassification/Synonyms/AncillaryData/audience|/Dataset/TaxonRecord/NomenclatureAndClassification/Synonyms/SynonymsAtomized/AncillaryData/audience|/Dataset/TaxonRecord/NomenclatureAndClassification/TaxonRecordName/AncillaryData/audience|/Dataset/TaxonRecord/RecordMetadata/TargetAudiences/Audience|/Dataset/TaxonRecord/TaxonomicDescription/AncillaryData/audience|/Dataset/TaxonRecord/TaxonomicDescription/FullDescription/AncillaryData/audience|/Dataset/TaxonRecord/TaxonomicDescription/FullDescription/FullDescriptionAtomized/AncillaryData/audience|/Dataset/TaxonRecord/TaxonomicDescription/IdentificationKeys/AncillaryData/audience|/Dataset/TaxonRecord/UsesManagementAndConservation/AncillaryData/audience|/Dataset/TaxonRecord/UsesManagementAndConservation/ManagementAndConservation/AncillaryData/audience|/Dataset/TaxonRecord/UsesManagementAndConservation/ManagementAndConservation/ManagementAndConservationAtomized/AncillaryData/audience|/Dataset/TaxonRecord/UsesManagementAndConservation/Uses/AncillaryData/audience|/Dataset/TaxonRecord/UsesManagementAndConservation/Uses/UsesAtomized/AncillaryData/audience,,,,plic,plic,http://rs.tdwg.org/plic/terms/
